1.5953,-8.9167,-0.41287,-12.587,-8.0765,-11.459,-4.3371,-25.965,-22.275,0
2.2666,-8.3977,0.12867,-11.33,-12.624,-8.9974,-3.8154,-26.034,-17.872,0
-1.8466,-5.8495,-0.72062,-12.407,-7.418,-8.8087,-8.4943,-26.311,-18.342,0
1.4983,-11.651,2.3853,-15.826,-7.0255,-7.8977,-6.6112,-22.237,-10.357,0
-0.21261,-7.6641,6.1125,-18.005,-7.9371,-11.626,-8.6763,-18.325,-14.268,0
-1.8948,-6.5453,-0.96525,-11.289,-5.5242,-8.5634,-10.633,-25.497,-22.029,0
0.80418,-13.411,-5.7666,-11.719,-0.36949,-9.1798,-4.5653,-28.524,-17.73,0
-0.29451,-9.5806,-6.9626,-10.466,-6.0296,-8.2873,-2.5932,-26.273,-13.858,0
1.0971,-8.7791,-8.3333,-12.084,-7.7889,-6.2541,-1.7969,-25.029,-13.946,0
2.1588,-10.203,-8.7843,-10.819,-7.0531,-6.1529,-1.8098,-22.777,-19.582,0
-2.2995,-8.1828,-6.3459,-8.2711,-7.0412,-6.9343,-3.9256,-24.404,-16.01,0
1.4663,-6.6779,-3.7218,-17.084,-8.9523,-3.6765,-4.5881,-16.735,-23.358,0
5.2651,-9.2274,-8.0749,-11.593,-8.392,-8.044,-6.94,-21.661,-17.465,0
-7.1506,-6.819,-14.464,3.7979,-5.5708,-3.3452,-9.8136,-13.333,-15.502,3
-4.7508,-6.6597,-9.5726,-4.7231,-3.9099,-8.1113,-7.4678,-15.237,-21.73,3
-5.7544,-5.2649,-10.311,-5.0103,-4.2778,-6.6438,-7.5757,-17.224,-21.04,3
-6.4985,-2.9342,-12.576,-2.3492,-5.7028,-10.105,-8.2932,-16.071,-16.056,3
-4.5247,-3.9922,-10.518,-3.9283,-6.7301,-8.6654,-8.4801,-11.991,-21.575,3
-6.1462,-6.8599,-9.3204,-1.7974,-2.9327,-11.274,-6.2422,-21.158,-23.313,3
-9.0929,-4.6401,-13.528,11.196,-7.8153,-10.131,-10.617,-15.939,-18.197,3
-9.4434,-0.426,-14.806,14.787,-7.0008,-18.091,-13.024,-31.116,-24.9,3
1.2985,-11.226,-2.9742,-11.918,-1.045,-14.002,-10.057,-25.969,-14.602,0
1.0693,-10.986,-3.8473,-12.574,-3.2495,-9.802,-8.2151,-20.25,-14.509,0
1.101,-10.863,-6.735,-11.33,-3.7035,-6.6923,-6.4593,-22.705,-18.167,0
1.7736,-12.867,-4.0622,-11.543,-3.5239,-7.2525,-6.9165,-17.745,-18.877,0
-1.1027,-9.4227,-4.6947,-11.676,-3.6024,-10.067,-6.1037,-23.48,-14.32,0
0.44613,-9.88,-5.9016,-10.422,-4.5543,-7.8206,-6.7169,-19.758,-20.665,0
-0.19369,-9.1587,-5.4892,-8.478,-4.9856,-11.797,-8.1952,-15.347,-16.659,0
-1.3612,-7.5445,-7.3891,-9.6154,-5.4658,-4.7686,-8.2606,-15.992,-21.764,0
0.82759,-9.671,-2.8746,-11.698,-9.321,-7.6584,-4.1866,-17.455,-12.838,0
0.81939,-8.907,-3.1653,-11.718,-9.7874,-4.0045,-5.9334,-18.517,-16.609,0
-0.34007,-12.743,-10.743,-10.303,-0.83285,-1.2141,-4.895,-25.214,-18.169,0
-1.0752,-8.3071,-7.4142,-5.6461,-6.0426,-6.5715,-9.0423,-25.621,-18.936,0
0.85126,-7.818,-7.2694,-6.6717,-7.6636,-7.5545,-9.4337,-23.498,-18.835,0
0.018636,-7.571,-12.062,-0.79956,-6.8195,-9.9048,-10.686,-23.627,-15.412,0
1.661,-7.9694,-8.4814,-9.3873,-6.1973,-7.3156,-9.1281,-26.773,-15.929,0
1.3613,-9.1272,-8.596,-10.771,-4.2712,-10.791,-7.5765,-22.558,-10.412,0
0.47685,-7.4782,-6.4072,-11.585,-6.522,-4.7417,-10.051,-18.13,-16.907,0
3.4828,-11.958,-8.7041,-10.822,-5.1238,-9.026,-5.5314,-11.865,-14.486,0
2.5793,-8.4025,-5.5133,-10.838,-4.9674,-12.602,-10.663,-22.259,-16.658,0
3.1469,-12.221,-8.2708,-5.799,-6.7576,-5.2931,-9.4409,-20.285,-14.708,0
2.4373,-11.116,-3.487,-8.2298,-5.9516,-13.156,-9.5067,-17.082,-14.469,0
2.0554,-13.172,-5.5903,-9.0897,-2.9888,-11.098,-6.4994,-24.487,-14.35,0
2.4857,-12.11,-4.6306,-10.229,-4.9881,-9.6751,-6.8498,-19.659,-16.487,0
-1.136,-6.7986,-8.0944,-7.2043,-6.6169,-6.5532,-10.349,-15.453,-17.877,0
2.1565,-7.8731,-4.7867,-11.148,-9.8837,-5.5764,-8.3143,-18.82,-16.105,0
1.3582,-9.7037,-6.7872,-9.9654,-6.5867,-7.5289,-8.0849,-12.955,-13.926,0
-2.3128,-11.095,-0.40748,-9.8665,-6.1116,-11.487,-5.5985,-9.7554,-9.5863,0
1.2038,-11.083,-3.28,-7.3315,-8.4504,-6.9573,-8.0711,-15.945,-16.367,0
1.2665,-9.1709,-3.4934,-8.9833,-8.047,-9.0085,-8.901,-13.969,-18.462,0
0.83251,-9.2755,-7.7935,-6.3405,-5.2132,-6.4185,-9.7357,-21.837,-24.822,0
-0.26614,-2.9723,-6.2221,-10.91,-10.891,-9.1122,-5.818,-29.881,-18.108,0
-0.095874,-8.6677,-7.2541,-10.313,-3.7778,-5.7041,-8.0516,-19.849,-26.032,0
5.459,-6.5397,-10.568,-5.8567,-12.052,-7.9307,-10.55,-20.158,-18.319,0
1.4176,-2.1342,-12.091,-9.4175,-9.1837,-3.985,-13.407,-21.201,-20.064,0
0.082964,-5.9164,-10.679,-5.0999,-9.9426,-8.1043,-4.9391,-20.698,-21.01,0
-3.1484,-7.5365,-11.791,-8.9745,-7.0631,-1.8625,-4.4488,-17.337,-5.1893,0
-4.6111,-4.0694,-7.2062,-7.7296,-7.7809,-7.8938,-5.4441,-23.429,-17.805,0
3.1888,-15.692,-3.091,-3.9884,-5.6976,-8.2474,-9.199,-14.318,-21.262,0
5.7007,-11.578,-7.3402,-11.772,-6.5559,-8.688,-5.2072,-26.052,-18.616,0
-0.47967,-8.3395,-5.9938,-13.028,-4.6976,-6.3746,-6.1594,-26.757,-15.694,0
3.2248,-12.292,-7.2195,-14.735,-4.7024,-7.9301,-1.913,-20.823,-12.822,0
1.5463,-11.631,-7.5283,-9.0438,-4.5817,-13.089,-3.1318,-30.096,-8.273,0
-3.5763,-10.963,-6.8944,-4.7894,-3.1917,-13.09,-5.5189,-18.872,-6.5553,0
-2.2545,-10.281,-6.6395,-7.6494,-10.853,-4.8599,0.18274,-12.089,-5.0312,0
-0.58506,-11.488,-3.6169,-8.1619,-9.5099,-1.7315,-3.752,-31.427,-9.7906,0
-2.2743,-10.812,-2.7032,-9.7268,-10.036,-2.825,-0.32594,-19.996,-12.181,0
-1.9749,-8.2666,-4.8611,-10.474,-10.674,-1.8602,-1.2933,-20.741,-15.306,0
-2.2694,-10.817,-6.608,-5.8436,-8.9802,-5.3721,0.37787,-19.055,-15.222,0
1.3251,-9.987,-5.614,-9.6033,-11.934,-4.0034,-0.86078,-19.263,-14.234,0
-1.8708,-7.306,-4.1671,-11.953,-8.7241,-3.7794,-3.5085,-24.377,-17.482,0
-0.758,-7.4335,-4.542,-11.309,-8.9779,-0.28264,-5.599,-28.326,-22.705,0
-3.4196,-7.9895,2.3714,-9.9113,-6.505,-12.096,-9.9362,-17.911,-13.058,2
-3.6185,-8.957,0.91611,-7.5132,-6.0923,-13.706,-8.488,-17.437,-12.432,2
-3.3534,-8.2631,-2.9034,-10.265,-5.2272,-8.3125,-7.8649,-14.89,-14.196,2
-5.5683,-3.0679,-6.4934,-6.7138,-8.8906,-7.1964,-7.0466,-15.106,-19.78,2
-6.4055,-2.3287,-5.4472,-11.43,-7.0129,-4.6239,-7.0528,-24.173,-17.574,2
-2.2988,-5.949,-1.2735,-11.673,-9.5682,-10.828,-3.8058,-24.414,-14.019,2
-3.5011,-7.2525,-2.4563,-10.509,-7.6111,-8.9574,-2.7867,-20.274,-18.705,2
-2.3099,-4.3676,-5.6106,-8.2558,-9.3794,-9.2407,-6.7547,-14.937,-21.764,2
-7.6449,-2.5801,-3.6179,-11.967,-6.4507,-5.5429,-7.6014,-19.985,-14.664,2
-3.2257,-9.4252,5.1489,-9.3354,-11.936,-7.254,-4.9632,-21.018,-11.08,2
-1.3177,-11.871,8.1536,-13.447,-11.754,-9.6958,-1.16,-19.76,-9.5137,2
-0.93335,-11.564,10.507,-15.472,-10.888,-10.352,-3.2235,-22.619,-10.707,2
-5.8764,-6.2692,7.5177,-11.381,-10.205,-11.376,-5.7847,-24.26,-13.573,2
-1.7873,-6.316,8.9355,-14.271,-12.788,-9.3355,-7.6214,-24.066,-16.723,2
-2.7155,-2.6956,-6.5365,-11.736,-9.8003,-7.7419,-9.7449,7.7554,-16.633,7
-7.2144,-0.9455,-7.5007,-8.0675,-10.251,-4.8441,-11.121,21.352,-18.111,7
-5.2444,-0.19515,-4.9656,-8.7363,-11.091,-12.52,-11.98,15.966,-14.347,7
-6.6108,-0.81095,-10.38,-6.9183,-9.9523,-8.2311,-9.6402,15.919,-11.953,7
-6.1376,-0.24945,-8.0341,-9.1992,-9.3625,-7.7416,-13.054,27.788,-18.63,7
-8.3735,4.391,-8.3096,-8.5755,-14.745,-7.6233,-11.416,26.083,-11.126,7
-1.7979,-6.6654,-6.6348,-10.927,-11.047,-1.9306,-8.2715,7.7997,-8.9826,7
-4.4967,-3.5987,-9.9583,-7.6295,-8.5059,-7.6491,-8.7207,-1.1225,-8.9198,7
-1.8241,-6.5531,-8.0431,-10.804,-7.6146,-7.8561,-5.1258,-6.6756,-13.321,7
-8.198,-5.6294,-7.1072,-8.0789,-4.8163,-10.696,-7.453,18.535,-9.5917,7
0.94558,-11.482,-8.5003,-11.008,-4.1097,-7.3448,-3.0911,-27.014,-11.968,0
-3.0884,-9.6975,-10.162,-9.2049,-1.3876,-8.0624,-1.8948,-29.158,-16.693,0
-2.8978,-8.8168,-9.49,-12.336,-0.93708,-2.7305,-5.4967,-29.392,-17.893,0
-3.4756,-6.0407,-9.6324,-8.3522,-6.7874,-6.4231,-3.2749,-28.926,-12.861,0
-1.9088,-9.2003,-11.432,-11.506,-0.15763,-6.9494,-4.6237,-27.977,-15.313,0
0.81538,-10.982,-7.0466,-13.043,-3.7888,-7.6249,-2.3123,-28.446,-15.1,0
-0.032807,-10.729,-6.1004,-14.307,-2.9403,-5.61,-4.3526,-27.053,-14.245,0
1.1915,-8.6825,-7.0957,-12.859,-6.4933,-8.9374,-4.5507,-20.32,-11.959,0
4.7594,-7.9897,-2.8436,-20.736,-6.4293,-8.8067,-7.4465,-15.311,-18.341,0
1.0153,-5.4476,-14.203,-12.932,-0.43944,-13.006,-9.504,-8.6645,-21.4,0
-5.2989,-5.2333,-13.026,0.25771,-6.8123,-8.1514,-5.747,-30.12,-15.253,3
-5.4511,-7.5964,-13.523,0.49338,-3.6345,-9.1548,-4.9283,-27.722,-17.102,3
-6.9749,-5.1104,-13.66,0.25242,-3.2815,-12.518,-4.5248,-34.668,-15.163,3
-7.3249,-6.5692,-13.251,-2.154,-3.4746,-7.3494,-2.7041,-28.284,-15.042,3
-5.5751,-4.4988,-11.628,-3.5365,-3.9017,-15.908,-4.8067,-29.392,-11.232,3
-8.3586,-5.0909,-13.806,0.23789,-2.8223,-12.537,-6.3355,-24.002,-8.502,3
-6.7672,-5.4877,-14.173,3.3203,-4.7451,-10.926,-7.6966,-22.657,-15.24,3
-5.3909,-4.2293,-14.742,2.2271,-7.5498,-9.1063,-6.7457,-27.409,-14.378,3
-14.425,2.5132,-11.41,-2.519,0.17549,-5.593,-15.427,-34.115,-21.424,3
-8.975,-4.497,-14.17,9.2183,-5.7574,-10.257,-11.497,-27.226,-12.978,3
-6.979,-4.8371,-10.608,7.263,-6.573,-14.825,-12.402,-20.753,-14.031,3
-7.7118,-5.4435,-11.539,9.287,-8.3975,-13.102,-10.338,-29.68,-5.1308,3
-7.3218,-3.1829,-13.772,3.5919,-7.2936,-13.076,-8.3492,-29.161,-5.0464,3
-5.4972,-5.6079,-11.635,2.6045,-5.5708,-12.155,-10.578,-27.77,-9.9989,3
-6.1976,-5.5039,-10.927,2.2986,-3.4014,-15.851,-9.9364,-27.371,-14.082,3
-5.1754,-8.4979,-14.641,1.477,0.48337,-12.437,-8.8725,-20.589,-19.752,3
-4.0953,-10.145,-9.7944,2.7033,-4.6356,-8.7195,-8.6171,-25.953,-15.63,3
-9.5394,-8.643,-10.696,2.6183,-2.7138,-7.3068,-5.7236,-23.567,-13.184,3
-8.8251,-8.4523,-11.226,5.1124,-3.5246,-13.271,-5.5534,-28.832,-5.911,3
-6.3831,-6.687,-7.5248,3.2557,-7.6991,-15.476,-5.2303,-26.753,-12.578,3
-0.96282,-8.6755,-11.529,1.1567,-7.9391,-4.8973,-9.9379,-16.442,-22.606,3
-2.857,-11.709,-12.359,-1.4757,1.871,-8.2691,-8.7089,-35.144,-20.363,3
0.42667,-2.7742,-10.066,-13.381,-13.583,-1.5154,-2.8777,-8.8137,-21.127,0
0.68408,-6.0034,-9.9092,-12.772,-9.8743,-3.3523,-2.5002,-11.267,-20.908,0
1.4897,-8.3738,-7.9456,-11.414,-6.2277,-8.3174,-4.0539,-22.79,-21.545,0
1.5213,-8.8726,-4.0939,-11.032,-10.575,-7.1211,-3.0385,-16.767,-18.353,0
0.82466,-7.5731,-6.3188,-12.072,-8.445,-5.6947,-4.5278,-14.178,-22.643,0
4.0516,-9.6354,-14.112,-14.828,-6.4,-8.3113,0.39139,-15.461,-8.3619,0
-1.3002,-4.4823,-11.925,-11.873,-5.0306,-3.8891,-8.4616,-14.004,-21.722,0
1.0423,-8.3316,-6.9079,-11.78,-5.5296,-9.1948,-4.59,-24.343,-21.184,0
-2.4226,-7.8475,-8.4587,-6.1251,-7.1679,-6.2705,-5.5114,-13.948,-18.917,0
-2.9286,-5.0021,-4.647,-6.9672,-7.2782,-12.546,-10.238,-14.541,-16.214,0
1.3476,-5.5643,-11.814,-11.222,-7.9869,-3.6006,-7.8854,-13.341,-19.292,0
5.037,-9.3337,-7.1449,-12.112,-7.3972,-9.3644,-7.8057,-21.27,-17.071,0
4.4,-5.8138,-10.397,-13.921,-7.4147,-0.94614,-11.051,-23.727,-25.702,0
1.6647,-2.9696,-13.584,-10.264,-7.6841,-5.8929,-8.8289,-25.146,-23.41,0
-2.0413,-6.1092,-13.138,-5.8285,-7.8668,-2.984,-5.6603,-20.328,-16.259,0
0.32589,-8.0965,-10.295,-10.928,-7.2163,0.1137,-3.43,-22.695,-25.028,0
2.8417,-5.8267,-9.2303,-15.233,-8.8273,-1.4409,-5.1604,-25.453,-23.514,0
3.5818,-10.335,-14.171,-9.8914,-2.4181,-5.8066,-7.0391,-22.704,-21.864,0
5.9109,-8.9094,-3.1496,-16.373,-10.13,-3.872,-5.4801,-32.497,-22.55,0
0.22434,-1.6,-7.7989,-15.198,-7.387,-9.475,-12.349,-10.001,-16.792,0
0.20306,-5.8854,-10.167,-12.984,-9.4389,2.1869,-6.4025,-16.402,-17.63,0
0.47523,-6.2098,-10.255,-11.631,-6.7719,-4.1901,-7.5021,-19.354,-17.762,0
-0.37818,-4.3396,-10.479,-6.416,-8.3657,-10.013,-9.2257,-19.952,-16.265,0
3.7421,-6.89,-10.239,-15.585,-7.6411,-1.8904,-6.7719,-11.204,-24.541,0
2.4793,-8.0395,-10.36,-10.472,-8.361,-2.212,-8.2232,-17.242,-15.984,0
0.20494,-4.8707,-11.404,-8.5486,-9.1088,-1.006,-9.4425,-23.953,-18.342,0
2.3386,-6.3447,-11.228,-9.7384,-8.9035,-0.062699,-9.785,-19.665,-21.946,0
0.9,-6.5974,-3.9929,-12.672,-3.362,-10.539,-14.848,-20.67,-19.128,0
1.0906,-7.0892,-9.1649,-9.3421,-5.609,-11.966,-9.0151,-4.7383,-19.938,0
2.9313,-7.0157,-8.5678,-7.5934,-9.5766,-6.317,-8.1793,-22.939,-24.488,0
2.5618,-9.5771,-8.615,-5.0417,-8.9063,-5.4741,-8.7646,-16.416,-21.869,0
2.9086,-9.6371,-7.6218,-8.1022,-8.4442,-11.686,-4.5159,-16.005,-17.133,0
1.3739,-6.6712,-9.4832,-9.5392,-8.2812,-8.2723,-7.7246,-15.433,-14.307,0
4.6578,-10.858,-7.9276,-12.242,-6.5559,-11.413,-2.7,-24.905,-15.062,0
-3.9838,-11.664,7.5911,-14.187,-7.4641,-8.9045,-5.7804,-14.857,-4.2591,2
-2.5409,-8.4521,5.0707,-10.885,-9.6816,-11.266,-6.0208,-26.019,-13.502,2
-4.691,-5.3755,1.919,-14.35,-4.5119,-11.641,-10.659,-19.224,-13.664,2
-1.8563,-9.5037,-2.8986,-12.366,-7.4845,-6.5832,-1.8986,-20.75,-13.375,2
-2.0959,-6.1355,-1.4363,-15.068,-5.7487,-10.854,-7.9762,-16.658,-13.121,2
-7.9294,-7.8247,12.657,-11.439,-12.006,-10.422,-5.4758,-15.162,-7.1285,2
-5.0099,-9.1158,3.8253,-12.467,-3.7498,-13.497,-6.5631,-25.303,-10.727,2
-1.7122,-11.791,17.002,-15.101,-9.1953,-10.936,-9.9431,-16.787,-21.128,2
-3.6302,-10.022,11.65,-12.429,-9.6363,-13.435,-6.069,-26.575,-10.085,2
-7.3376,-6.658,13.767,-15.593,-10.582,-14.715,-8.4601,-5.7476,-0.45665,2
-3.8178,-8.1662,1.6512,-2.8655,-10.891,-16.196,-8.1136,-18.597,-4.5124,2
-3.2535,-8.7915,-9.2549,-2.9752,-8.0719,1.8372,-6.362,-21.176,-23.962,5
-2.4801,-12.403,-11.296,-6.2016,-7.5665,8.7041,-3.0848,-13.69,-16.636,5
-2.3451,-9.3682,-10.346,-7.1687,-9.3404,7.8678,-3.3753,-19.904,-21.71,5
-3.1095,-7.5987,-12.09,-11.57,-5.6119,6.049,-5.2499,-19.175,-17.115,5
-5.1095,-5.4706,-10.577,-12.624,-6.5153,7.5734,-4.7544,-26.477,-17.149,5
-3.8002,-8.6472,-10.465,-10.04,-6.7154,4.7965,-1.9054,-22.671,-17.274,5
-2.1051,-7.6527,-8.1481,-13.676,-7.8375,3.203,-1.0903,-28.239,-18.691,5
-1.1043,-6.1406,-12.411,-12.69,-5.8639,5.0165,-7.1494,-28.175,-19.481,5
-1.7927,-6.2421,-12.266,-10.405,-8.5615,3.3229,-2.5249,-22.726,-21.568,5
-1.0908,-7.9718,-9.9106,-10.973,-9.9532,4.5179,-1.4221,-18.433,-21.226,5
-6.4884,-6.4047,-14.549,-11.116,-4.6796,3.3105,0.31721,-16.289,-14.609,5
-4.3137,-6.1064,-12.2,-8.1967,-8.0195,4.9096,-2.9035,-16.946,-24.383,5
-3.9908,-12.003,-12.504,-4.6507,-3.3741,5.3928,-3.0009,-24.676,-22.832,5
-2.2831,-12.045,-14.999,-5.6623,-6.9688,10.002,-4.3423,-12.644,-11.314,5
-3.5865,-9.2044,-11.733,-6.9894,-5.251,5.3298,-6.1846,-19.344,-19.912,5
1.2409,-12.168,-6.219,-13.392,-8.0376,8.4871,-6.7137,-17.976,-15.85,5
-0.39692,-6.8186,-8.9536,-16.14,-7.2031,6.5266,-7.6478,-15.464,-19.572,5
-3.474,-4.1837,-12.688,-12.873,-8.1634,7.3654,-4.8765,-12.436,-23.514,5
-3.2915,-9.199,-8.8166,-9.7697,-5.9912,4.746,-6.415,-17.521,-16.641,5
-2.5561,-7.9802,-11.362,-9.1704,-6.1224,5.3453,-7.4455,-15.844,-20.305,5
-3.5757,-8.0542,-8.759,-9.5842,-7.7,4.9434,-4.2115,-26.842,-16.364,5
-1.7942,-7.0932,-8.6536,-13.939,-7.646,2.9419,-2.6843,-22.752,-19.734,5
-3.1886,-9.1411,-7.8515,-10.646,-5.1779,1.7538,-4.7972,-19.285,-19.847,5
-3.8191,-9.0921,-9.3107,-5.353,-8.8856,3.3759,-4.3712,-24.15,-12.54,5
-4.9578,-7.8291,-7.7504,-8.9668,-6.0435,2.5072,-5.0765,-24.856,-17.894,5
0.49362,-7.6876,-9.6895,-13.6,-9.9871,5.2681,-3.6449,-21.427,-16.647,5
-2.0178,-6.491,-11.182,-8.6678,-9.5999,5.9684,-4.4839,-20.71,-24.454,5
-2.6057,-7.7737,-9.605,-9.6168,-7.4279,2.6821,-4.8261,-22.671,-17.366,5
-3.8692,-7.3992,-13.306,-10.286,-4.548,4.1508,-4.092,-20.368,-18.901,5
-3.9833,-9.108,-12.635,-4.5645,-5.122,7.848,-7.1625,-22.546,-26.074,5
-1.9907,-4.7708,-13.613,-11.743,-8.3766,8.0063,-6.0656,-14.219,-25.174,5
-4.2122,-6.0718,-14.938,-7.2799,-7.6936,8.0866,-6.8401,-14.896,-16.402,5
0.4314,-10.892,-8.8014,-9.9267,-7.6327,-4.5418,2.2903,-22.64,-20.899,5
-5.3766,3.0592,-9.8152,-10.784,-4.5809,-14.377,-13.142,-16.168,-22.792,1
-3.5991,2.9898,-13.177,-9.8413,-10.031,-12.722,-6.8771,-13.874,-16.982,1
-7.9658,3.5913,-9.4916,-10.519,-8.0482,-11.178,-9.1948,-17.318,-11.82,1
-7.264,5.1799,-8.2845,-11.117,-10.036,-10.685,-11.156,-15.545,-13.631,1
-8.1661,1.2811,-9.6776,-8.944,-5.0118,-11.142,-11.597,-9.192,-14.582,1
-5.2715,0.97669,-9.4347,-10.644,-6.6966,-12.401,-9.0235,-18.962,-15.047,1
-7.8982,2.8503,-10.485,-10.051,-7.0113,-8.0087,-10.572,-12.74,-16.598,1
-5.6533,-1.0919,-6.5231,-6.2979,-10.04,-11.425,-5.3114,-16.731,-22.282,1
-5.4683,-5.0403,-13.406,-5.6533,-8.3765,-10.418,1.0932,-16.131,-4.9965,6
-2.9714,-10.183,-4.0809,-12.282,-5.5432,-10.903,0.44324,-20.144,-6.5127,6
-2.1962,-7.3008,-5.8309,-12.589,-8.8139,-6.4342,-0.73264,-22.421,-9.6063,6
-2.3595,-10.165,-6.3473,-10.315,-7.6817,-8.4688,3.9636,-21.959,-12.699,6
-3.0121,-11.009,-7.1092,-8.54,-6.5068,-7.1887,2.1619,-24.357,-9.9313,6
-4.3722,-7.8502,-8.3392,-9.3356,-6.5806,-7.3239,-0.73369,-19.281,-8.0125,6
-6.0341,-7.0449,-7.425,-8.3694,-8.116,-5.6491,1.0495,-18.778,-11.32,6
-1.8325,-7.7232,-5.3138,-10.616,-9.231,-11.424,2.3846,-23.586,-13.736,6
-4.0793,-6.8979,-6.4209,-13.178,-8.3405,-6.0903,3.3015,-23.543,-11.735,6
-0.37781,-9.4984,-8.5162,-9.8718,-9.4585,-8.3612,0.9385,-18.539,-5.1096,6
1.2683,-10.919,-7.9152,-13.734,-0.058765,-8.305,-8.716,-26.125,-13.566,4
-2.9096,-7.1562,-13.374,-10.738,0.41545,-6.9353,-8.7461,-24.057,-11.103,4
-5.4151,-8.0656,-9.3391,-10.11,1.2934,-8.3022,-8.9428,-18.336,-11.56,4
-1.0649,-11.159,-6.738,-11.991,-0.35771,-10.431,-7.2503,-15.512,-12.089,4
-1.255,-9.979,-10.525,-12.1,1.0948,-8.7292,-7.7306,-19.21,-13.044,4
-3.7475,-6.7079,-13.67,-10.428,-0.86279,-6.5685,-6.6598,-18.088,-11.999,4
-4.5973,-6.9364,-13.437,-11.335,1.3232,-3.9337,-8.4941,-23.894,-12.745,4
-5.2782,-4.8314,-12.519,-11.227,1.6216,-9.6686,-10.65,-17.898,-11.492,4
-8.7738,-0.92818,-9.8491,-6.3188,-1.375,-13.101,-13.095,-15.043,-14.337,4
-1.5418,-5.7966,-6.312,-14.162,0.037016,-13.551,-11.21,-24.796,-16.813,4
-2.4167,-9.232,-6.7436,-17.409,1.0975,-5.2333,-5.8487,-24.604,-16.038,4
-6.6896,-7.6824,-10.502,-13.198,7.0566,-11.924,-7.7352,-22.622,-16.41,4
-5.4619,-7.5069,-10.93,-11.793,3.1576,-12.222,-5.5152,-17.606,-15.132,4
-7.5007,-6.8945,-9.2763,-6.2805,4.1624,-14.682,-11.094,-22.255,-14.99,4
-5.2158,-5.6847,-7.3274,-15.935,3.1084,-14.941,-5.5047,-21.861,-17.961,4
-4.856,-7.7698,-5.0349,-11.738,3.1585,-9.8749,-13.05,-24.466,-18.425,4
-0.21196,-12.573,-11.509,-8.6943,3.6127,-10.346,-8.049,-26.393,-17.577,4
-3.1681,-5.5211,-12.785,-10.034,1.8138,-9.3197,-9.8067,-25.259,-24.258,4
-3.3322,-4.3093,-10.756,-12.112,-0.90662,-6.2397,-9.2222,-23.17,-25.408,4
-3.6167,-5.5393,-10.802,-9.8072,-1.3436,-8.9333,-7.9803,-25.146,-18.202,4
-3.2456,-6.3049,-7.9831,-10.878,-4.6771,-4.4785,-6.4127,-25.395,-17.694,4
-3.4437,-7.6731,-9.9115,-9.9542,-9.7357,0.97942,-4.5262,-7.9298,-1.4144,4
-4.4946,-6.8774,-10.483,-8.646,-3.7145,-8.3837,-7.7357,-12.657,-4.0339,4
-5.8219,-6.1401,-10.619,-3.662,-4.683,-3.3405,-12.404,-13.251,-11.064,4
-0.91799,-6.4945,-8.0719,-11.465,-7.3646,-7.6599,-7.0084,-13.852,-9.0648,4
-5.4733,-0.83684,-7.9381,-12.433,-1.7264,-13.951,-15.995,-0.27677,-13.095,4
-5.2306,-10.186,-13.433,-7.8007,5.5587,-6.3089,-7.7928,-24.311,-21.54,4
1.6601,-10.555,-2.6953,-5.6783,-15.333,-4.2967,-2.451,-22.186,-12.121,0
-3.1839,-4.9187,-4.5286,-7.514,-9.6449,-9.5189,-7.7576,-22.654,-10.522,0
0.81795,-6.159,-4.6471,-7.6318,-10.633,-12.512,-6.2959,-26.993,-15.487,0
-0.80801,-5.4784,-10.461,-12.258,-5.6865,-7.911,-4.3699,-21.417,-17.96,0
-5.1269,-5.3038,-10.606,-8.4115,-7.771,-6.2328,2.0289,-25.732,-16.596,0
0.43172,-6.7346,-7.1767,-13.72,-10.36,-2.2422,-0.59249,-24.457,-20.249,0
2.3217,-8.8737,-13.002,-10.25,-5.9247,-10.306,0.11138,-18.962,-20.467,0
-1.929,-6.1588,-4.4395,-14.002,-4.1294,-9.5254,-5.3568,-30.541,-20.313,0
2.343,-11.096,2.6742,-11.876,-8.0416,-9.9602,-8.4159,-26.622,-17.32,0
0.26203,-9.5786,-8.544,-10.692,-5.938,-7.8692,-0.63053,-29.586,-16.309,0
0.87202,-9.1466,-11.697,-10.895,-2.6703,-10.959,-2.7669,-26.058,-17.009,0
1.4548,-8.5129,-9.6706,-14.713,-5.0202,-8.0258,-1.4035,-29.57,-13.46,0
-1.7449,-8.1844,-4.4086,-13.549,-6.5724,-8.4102,-1.4906,-23.28,-13.675,0
1.8838,-10.664,-9.3302,-13.304,-4.5578,-12.773,2.2899,-23.403,-14.497,0
2.1232,-8.539,-7.8467,-16.327,-6.7184,-5.4156,-0.91811,-26.884,-17.165,0
1.268,-12.579,-6.6303,-5.045,-11.034,-9.6662,1.0883,-22.544,-6.6263,0
-6.0869,-7.2054,-6.5766,-9.4466,-11.067,-8.4651,-1.0043,-10.621,16.96,8
-8.8579,-9.0605,-6.3458,-8.7706,-5.5252,-11.337,-2.1193,-3.3815,17.502,8
-7.5584,-8.1065,-8.613,-8.7011,-3.7648,-13.861,-1.5009,-9.1367,8.0701,8
-5.443,-6.6742,-10.338,-8.5255,-5.2985,-11.657,-2.7231,-19.517,4.0085,8
-4.9776,-8.7953,-8.865,-8.3102,-6.147,-8.6435,-3.6133,-12.933,6.4657,8
-2.4569,-9.7437,-2.2836,-14.906,-8.9495,-10.582,0.46871,-14.957,6.9863,8
-2.9986,-10.955,-6.0059,-9.9187,-8.1342,-4.657,-0.85789,-23.499,3.2639,8
-7.0577,1.8762,-10.679,-8.0401,-8.084,-6.9489,-10.206,-17.135,-17.43,1
-11.405,6.7109,-11.879,-9.1808,-12.142,-3.3957,-6.6314,-10.717,-13.591,1
-9.2829,7.7206,-12.021,-9.306,-9.5539,-9.1574,-10.053,-12.912,-22.319,1
-6.2521,6.1223,-12.632,-10.681,-8.7125,-10.513,-12.146,-12.295,-17.931,1
-8.2791,5.2933,-11.709,-9.6113,-9.9743,-7.2171,-9.9315,-7.0077,-17.422,1
-7.0872,6.4566,-12.231,-12.406,-11.737,-6.6246,-7.7638,-7.2518,-17.55,1
-10.187,8.3905,-15.086,-6.2388,-7.9353,-9.9486,-12.251,-8.876,-24.256,1
-8.9933,6.0281,-10.289,-8.0676,-9.5726,-14.755,-9.7002,-18.703,-9.1542,1
-4.6988,-5.3736,-11.026,-10.083,-3.8349,-8.7128,-2.4013,-25.314,-14.097,6
-1.7832,-11.377,-8.9022,-13.566,-2.3876,-6.8276,1.1876,-27.434,-8.6724,6
-5.1124,-5.7278,-16.523,-11.61,-3.0942,-3.9429,1.8103,-23.771,-11.418,6
-0.45594,-9.423,-8.9539,-16.614,-5.8347,-2.9708,2.1581,-26.876,-10.321,6
-3.5623,-7.3742,-10.16,-13.076,-5.3524,-4.1083,0.38898,-22.516,-11.144,6
-5.4882,-5.2253,-9.9212,-11.701,-5.024,-3.56,-3.1926,-26.216,-10.35,6
-1.5628,-7.4118,-5.5532,-20.84,-10.585,-7.6784,15.262,-26.797,-16.056,6
0.57481,-9.6701,-7.9027,-13.417,-2.4945,-9.3489,-4.5902,-28.09,-14.383,0
-0.64916,-9.6802,-6.6466,-10.23,-2.7768,-9.789,-5.9191,-29.123,-16.703,0
-2.0969,-8.4074,-7.4172,-10.279,-4.5186,-8.1867,-3.7185,-25.16,-15.774,0
0.095692,-8.1384,-9.8932,-11.992,-1.0964,-10.416,-5.9269,-23.166,-23.699,0
-1.2027,-7.4704,-7.624,-8.6406,-3.6632,-11.399,-8.545,-16.366,-20.103,0
-3.039,-7.1273,-4.9176,-10.738,-4.6991,-8.9086,-5.8982,-27.514,-15.769,0
-0.25558,-5.1123,-6.0231,-13.903,-8.6101,-8.886,-3.5157,-22.247,-17.454,0
-2.3496,-6.4725,-5.6396,-11.196,-8.354,-5.5588,-3.6747,-21.909,-16.244,0
1.0792,-4.7955,-6.6908,-10.909,-14.18,-6.0061,-2.1597,-18.644,-17.38,0
-3.4245,-10.002,0.052241,-8.0065,-8.4442,-7.8728,-2.9992,-24.077,-14.981,2
-0.60438,-8.618,0.37444,-12.767,-10.734,-7.7268,-3.6577,-22.257,-10.352,2
-1.3016,-8.2565,1.1612,-10.341,-12.079,-8.9024,-4.7457,-13.776,-11.318,2
0.036623,-9.8505,0.048443,-12.123,-11.926,-7.9331,-1.417,-16.012,-9.8917,2
-3.0453,-6.7343,6.1327,-12.515,-14.85,-11.873,-3.3322,-12.484,-3.5852,2
-1.7168,-7.5919,3.7362,-16.107,-12.074,-11.703,-0.28244,-14.867,-7.5214,2
-3.9586,-6.1765,7.7872,-14.79,-12.137,-6.639,-6.578,-18.05,-14.205,2
-2.1488,-9.7433,1.0521,-11.494,-8.8936,-7.513,-4.4509,-20.03,-10.566,2
-2.1603,-8.2916,15.017,-18.363,-10.455,-14.745,-5.5031,-22.102,-16.84,2
-3.5363,-8.1486,13.494,-9.9278,-11.512,-10.929,-8.9054,-33.124,-23.039,2
0.79762,-11.006,-12.527,-9.2472,-0.23578,-7.4019,-6.3,-22.734,-20.201,0
-1.1822,-10.765,-7.0263,-10.773,-2.8139,-8.2146,-4.6691,-21.129,-13.823,0
-2.4894,-5.4604,-7.5431,-14.108,-8.5424,-4.7037,-1.5857,-21.647,-11.161,0
-0.77768,-8.206,-7.6443,-13.509,-5.0215,-5.5534,-3.7208,-23.497,-15.83,0
-2.0659,-7.7895,-7.8712,-10.126,-7.4545,-5.271,-4.7332,-18.961,-8.7472,0
-0.0086999,-12.313,-8.2582,-8.868,-4.8465,-4.1184,-4.31,-18.915,-13.207,0
-1.4022,-10.585,-8.1636,-10.392,-4.362,-4.468,-3.1474,-28.322,-11.704,0
4.8013,-11.721,-9.7656,-13.211,-11.47,-7.0027,5.3816,-15.527,-10.897,0
-4.4506,-1.0006,-9.303,-8.0799,-9.7505,-9.0831,-7.9295,-20.557,-9.7953,1
-6.4918,1.5419,-13.397,-5.4745,-5.728,-12.383,-11.43,-16.545,-15.749,1
-4.6202,-2.0753,-11.487,-10.426,-7.5591,-8.3638,-4.2893,-26.925,-6.4577,1
-3.0687,-0.31231,-10.398,-9.7925,-10.826,-6.8878,-6.9588,-23.029,-12.756,1
-8.8421,3.4219,-10.87,-7.7407,-10.355,-8.971,-4.3892,-25.221,-13.594,1
-8.8478,0.79257,-13.779,-4.1441,-7.393,-11.165,-3.7133,-29.44,-10.637,1
-6.8288,3.8688,-15.471,-7.3509,-8.5814,-7.6645,-7.4348,-20.568,-19.086,1
-4.9112,0.080861,-12.659,-9.5972,-8.269,-10.944,-5.8285,-15.64,-8.8095,1
-4.9404,-4.2925,-8.9688,-6.8417,-8.9175,-0.33114,-7.1339,-16.234,-20.316,1
-4.3431,-5.6958,-8.5524,-9.7502,-5.0829,-4.0982,-3.9583,-27.37,-22.471,1
-3.2325,-5.1696,-10.352,-9.0387,-4.5282,-5.2306,-5.9272,-25.763,-24.024,1
-6.3487,-3.4293,-10.961,-7.7523,-6.9276,-6.8606,-1.7908,-22.774,-16.049,1
-5.4457,1.2836,-10.551,-9.1929,-8.3574,-7.9404,-9.9551,-15.031,-17.263,1
-6.8875,2.7085,-7.3986,-9.9514,-8.3409,-12.274,-9.8205,-22.949,-13.664,1
-5.6901,3.6684,-10.787,-10.354,-9.1156,-11.911,-8.5584,-16.734,-16.405,1
-7.8366,0.13816,-12.795,-8.3111,-1.42,-8.547,-10.607,-24.069,-21.845,1
-3.7457,-9.7661,-7.6596,-8.38,-5.3424,3.2079,-3.8119,-24.429,-24.651,1
-2.7107,-1.1235,-6.3503,-8.1646,-10.605,-8.7536,-8.7785,-25.248,-21.441,1
-1.2726,-2.279,-8.019,-9.3569,-8.213,-12.27,-10.061,-25.57,-12.947,1
-5.3095,-0.40491,-12.541,0.25968,-9.2462,-7.6635,-10.969,-24.333,-23.535,1
-8.4164,3.9367,-13.091,-4.3911,-10.536,-5.422,-10.555,-21.124,-14.335,1
-5.4774,2.5609,-9.7644,-7.918,-8.7149,-7.7258,-12.269,-24.425,-20.246,1
-5.4929,4.2671,-8.4814,-5.6319,-13.152,-10.325,-12.031,-20.426,-16.564,1
-7.0612,0.19775,-12.836,-3.6004,-10.126,-4.7933,-9.4095,-22.006,-8.288,1
-7.7491,0.90957,-10.433,-3.3772,-12.361,-4.9675,-9.0697,-10.036,-12.652,1
-3.9298,-7.181,-9.436,3.201,-10.279,-5.504,-8.6587,-18.287,-18.583,3
-6.6597,-5.6203,-6.9077,1.6441,-4.9073,-14.389,-11.288,-21.326,-16.769,3
-4.3469,-1.76,-10.542,0.012841,-8.984,-14.226,-10.167,-19.372,-18.185,3
-0.96237,-7.0355,-11.678,-1.5347,-7.8231,-7.5769,-9.2803,-19.391,-17.707,3
-5.9571,-5.3198,-8.2369,-0.61357,-4.921,-13.66,-10.077,-18.966,-15.812,3
-6.3589,-4.3702,-7.3986,-4.0941,-4.8426,-11.17,-10.021,-20.397,-15.133,3
-6.6508,-2.5494,-9.2252,-0.98951,-5.8886,-12.206,-11.471,-24.513,-15.782,3
-5.0434,-5.7197,-9.0804,-4.0736,-2.6972,-10.723,-11.128,-17.084,-19.376,3
-4.0985,-5.4468,-6.0727,0.11017,-8.7576,-13.381,-10.645,-16.141,-15.553,3
-4.2521,-3.5002,-8.7364,3.677,-12.753,-10.118,-9.5967,-23.112,-15.756,3
-1.537,-7.1357,-5.8589,-4.9454,-8.7173,-8.8548,-8.8154,-12.534,-19.192,3
-2.7626,-5.8097,-6.7459,-5.2476,-9.9891,-7.358,-8.3731,-13.916,-12.894,3
-1.9655,-6.793,-3.6969,-6.0246,-8.812,-9.2205,-11.091,-16.438,-12.526,3
-4.3397,-5.0474,-10.623,-2.7282,-9.0421,-8.0333,-7.6061,-17.541,-7.8547,3
-1.5799,-8.3563,-7.8223,-7.862,-9.2093,-0.49215,-5.0151,-21.45,-15.706,3
-3.7603,-6.0978,-8.042,-5.6448,-11.033,-3.5499,-4.3603,-20.853,-10.114,3
-3.0133,-6.7844,-8.8808,-1.1827,-6.8041,-9.2211,-7.9213,-21.373,-24.185,3
-2.3863,-4.5016,-7.9672,-3.3137,-8.2953,-13.048,-8.8154,-29.909,-14.165,0
-1.6814,-7.6993,-4.4964,-7.515,-7.3753,-10.068,-8.2142,-16.874,-14.329,0
-0.27995,-10.378,-5.0396,-7.7403,-6.593,-7.6483,-7.7865,-11.547,-15.942,0
-0.66394,-7.6644,0.70377,-9.9348,-11.839,-6.3995,-7.7585,-12.824,-17.4,0
-0.57781,-9.9922,-0.67699,-7.8613,-10.153,-10.668,-6.8263,-7.6354,-10.267,0
-1.7326,-6.1135,5.1216,-6.0126,-15.466,-9.8341,-10.728,-13.035,-15.223,0
-2.8909,-2.7817,-11.559,-6.6933,-6.9792,-7.9618,-11.627,-13.771,-14.608,3
-6.5968,-4.3034,-11.188,0.26455,-6.7585,-12.47,-8.4754,-16.958,-9.0304,3
-4.8798,-2.7225,-11.018,-4.9015,-8.1926,-9.9204,-5.8563,-11.843,-19.161,3
-5.3724,-4.5269,-9.8091,-2.1694,-6.7605,-11.954,-9.149,-14.779,-11.013,3
-3.9597,-4.2546,-10.053,-1.5959,-7.9889,-13.217,-8.7582,-15.753,-13.527,3
-5.4396,-6.8301,-11.519,1.2692,-8.9026,-6.5844,-6.4313,-8.9587,-13.252,3
2.6903,-6.5874,-9.9304,-11.638,-3.6166,-7.841,-12.579,-25.944,-20.735,0
2.9963,-8.8427,-10.567,-9.9322,-7.2799,-4.9917,-7.4732,-12.877,-19.333,0
1.6983,-6.692,-10.079,-9.4019,-8.4972,-4.5979,-9.3613,-16.277,-16.188,0
-0.98809,-8.0853,-11.026,-4.2576,-3.6679,-7.9208,-11.118,-19.362,-19.867,0
1.9341,-9.7855,-8.381,-9.6053,-5.3082,-4.9178,-9.0282,-14.821,-21.814,0
1.8923,-7.2976,-11.159,-9.6118,-6.1555,-4.2433,-9.9751,-16.691,-20.585,0
1.84,-9.861,-11.853,-8.3705,0.80481,-11.04,-10.669,-30.401,-20.528,0
3.7464,-5.9087,-8.8399,-11.648,-7.5657,-7.6818,-10.477,-15.376,-25.29,0
0.82974,-4.982,-9.1994,-8.6149,-11.192,-6.0719,-7.6613,-14.913,-15.833,0
3.0989,-6.1168,-11.459,-14.42,-4.2268,-11.914,-6.7246,-19.901,-17.993,0
-8.6327,-2.4179,-11.486,-8.0462,-5.9653,-6.8427,-5.5254,-26.366,2.0574,8
-8.6014,-1.2488,-4.7016,-13.78,-5.6494,-13.087,-7.6446,-20.057,6.4257,8
-3.8165,-10.044,-4.2252,-11.397,-7.0367,-12.689,-0.063086,-9.7438,4.0048,8
-8.727,-6.4554,-4.9739,-12.453,-6.9164,-11.721,-0.83019,-7.8849,15.303,8
-6.9491,-0.83,-8.4318,-9.9028,-8.5046,-6.9944,-9.7125,-18.606,0.66929,8
-4.288,-7.8713,-4.2924,-10.278,-5.183,-11.29,-5.0161,-31.86,0.53296,8
-0.24677,-11.8,-0.9538,-16.633,-8.1016,-7.0875,-0.84765,-25.954,5.5752,8
-1.3276,-11.815,-0.25565,-13.773,-8.7289,-10.76,1.1727,-17.907,0.37216,8
-6.4104,-7.441,2.2895,-13.078,-7.5144,-12.937,-4.0769,-8.8531,-0.70877,8
-4.9234,-9.7372,-4.5358,-10.155,-9.7145,-8.6024,0.93275,-11.52,8.8757,8
-5.4827,-9.6447,-4.9674,-7.167,-8.9916,-9.5649,0.047254,-13.801,3.6442,8
-5.4865,-10.835,-1.9131,-9.3716,-8.5932,-9.2944,2.191,-21.016,2.6693,8
-7.4887,-6.4998,-5.5973,-6.5757,-7.896,-14.937,-1.5564,-14.203,6.0472,8
-3.9042,-7.0478,-7.3037,-0.037582,-8.9809,-12.523,-10.636,-14.72,-2.0415,8
-7.0804,-0.52389,-12.943,-0.37599,-9.859,-8.912,-11.945,-16.983,-2.0347,8
-6.9581,-5.1385,-12.935,4.4299,-8.2559,-16.827,-7.6063,-34.17,14.001,8
-4.8772,-9.4438,-7.4699,-10.565,-3.677,-11.952,-6.2253,-14.915,16.194,8
-7.1034,-6.3621,-2.9873,-6.9276,-7.4178,-15.359,-6.3475,-12.708,6.4934,8
-9.114,-5.2305,-8.817,-4.5243,-6.1457,-9.8189,-8.2202,-22.204,14.434,8
-6.8361,-2.6644,-10.839,-3.0158,-10.377,-15.69,-5.7195,-22.581,15.411,8
-7.6322,-7.5636,-6.5813,-7.1183,-10.807,-11.037,-6.6417,-11.14,42.078,8
-8.9444,12.236,-5.6564,-10.488,-15.994,-13.591,-12.879,-1.1145,-24.324,1
-7.4784,2.3056,-8.1323,-8.2181,-5.726,-10.339,-16.304,-6.7222,-18.831,1
-5.8252,-0.14238,-6.0759,-11.226,-5.9066,-12.089,-11.906,-17.76,-11.563,1
-6.7317,2.0107,-9.6143,0.76021,-13.382,-14.311,-8.1402,-23.955,-13.938,1
-7.5818,4.5081,-7.6841,-10.021,-9.7431,-8.8204,-12.301,-9.4008,-19.219,1
-10.806,7.5967,-16.012,-4.7269,-10.88,-6.5475,-7.1081,-14.777,-21.301,1
-5.5877,10.357,-15.623,-10.23,-14.831,-11.524,-6.2645,-1.3393,-27.075,1
-4.6943,-1.225,-12.778,-1.5292,-7.3836,-11.877,-10.625,-30.704,-12.756,1
-5.1367,-1.731,-8.5893,-7.025,-8.5429,-6.2657,-8.4284,-18.996,-20.216,1
-6.0618,4.3648,-12.607,-7.1786,-8.0035,-12.893,-10.583,-24.463,-18.252,1
-5.7443,-2.2007,-9.4772,-10.989,-5.6703,-4.9785,-6.2904,-27.635,-16.405,1
-6.1799,0.84921,-8.908,-5.3326,-8.02,-8.8137,-11.65,-28.28,-19.146,1
-7.7495,1.5451,-12.101,0.28139,-12.634,-9.2133,-8.4308,-20.439,-10.177,1
-5.2959,0.31815,-5.8858,-3.9914,-14.104,-7.7916,-10.731,-16.494,-13.664,1
-6.153,1.9304,-10.347,-10.546,-6.3311,-15.166,-8.6364,-8.8396,-14.96,1
-10.476,1.2842,-13.294,-5.1181,-6.9068,-9.0743,-7.8577,-18.808,-2.1331,1
-5.5256,2.4944,-13.583,-6.9505,-9.9576,-1.583,-8.6783,-30.231,-23.995,1
-9.0806,4.0148,-11.119,-7.3518,-6.5025,-9.946,-13.413,-22.01,-10.304,1
-5.9441,4.121,-9.7181,-7.2822,-12.273,-10.198,-9.4714,-22.723,-13.839,1
-5.8653,0.34253,-8.6994,-12.103,-6.4576,-8.3909,-9.7629,-18.185,-13.011,1
-6.388,-1.112,-9.3552,-8.8062,-6.6412,-7.7079,-7.7667,-20.636,-15.76,1
-9.0963,3.3517,-13.693,-4.83,-8.2997,-12.856,-7.3822,-20.493,-8.0357,1
-6.8738,-2.5549,-7.8471,-8.2511,-3.4559,-12.904,-10.884,-13.526,-11.144,1
-5.0786,-1.983,-12.064,-1.4273,-9.7723,-6.6563,-7.054,-23.87,-21.19,1
-3.8988,-0.90695,-8.8164,-7.3042,-8.9184,-7.861,-10.655,-22.359,-16.982,1
-6.4567,3.7106,-11.9,-7.0117,-8.3095,-10.088,-9.9605,-27.362,-19.966,1
-11.064,6.3729,-13.689,-10.592,-8.2488,-8.6985,-5.7201,-16.013,-11.381,1
-11.866,4.2779,-8.6477,-7.9523,-7.5734,-10.261,-9.539,-10.795,-12.808,1
-6.6872,1.0925,-6.7193,-14.588,-5.8274,-8.1392,-10.846,-11.494,-15.156,1
-2.2129,0.84402,-10.032,-9.3897,-10.316,-10.46,-7.801,-18.856,-22.954,1
-6.2403,1.3611,-9.1949,-10.837,-8.0351,-5.7375,-8.0614,-26.328,-18.903,1
-10.136,8.9585,-10.511,-7.5502,-9.85,-12.51,-14.401,-5.818,-18.625,1
-9.0604,4.9457,-7.3637,-8.8783,-8.023,-11.09,-13.455,-5.2415,-21.959,1
-3.4193,-0.43585,-4.4134,-5.6746,-11.439,-15.399,-12.286,-14.826,-12.91,1
-6.777,3.2866,-16.52,-3.1837,-8.1479,-10.198,-11.02,-14.804,-16.037,1
-5.6685,5.5044,-12.282,-15.383,-9.0308,-6.4265,-8.5013,-21.268,-14.84,1
-8.865,5.0097,-13.618,-9.6181,-10.276,-3.1228,-9.9665,-21.264,-5.0933,5
-6.2959,0.69016,-10.741,-10.005,-9.7889,-1.9745,-7.3822,-20.355,-15.025,5
-4.9525,-4.4817,-12.475,-10.711,-3.4759,-0.83751,-8.0526,-23.732,-14.199,5
-4.5891,-2.1806,-5.5962,-16.369,-7.5285,-0.87023,-7.3808,-22.056,-15.712,5
-10.6,10.156,-11.017,-4.5791,-11.636,-11.383,-13.211,-17.002,-23.93,1
-6.4279,7.223,-14.409,-10.329,-7.9051,-14.928,-10.834,-22.179,-12.453,1
-9.7709,8.5088,-14.361,-7.3873,-7.2219,-8.6999,-16.585,-11.112,-18.356,1
-8.2452,7.4869,-15.581,-12.589,-4.1823,-12.857,-12.441,-13.104,-15.7,1
-10.494,4.706,-12.333,-8.2482,-5.8139,-9.2378,-10.236,-21.51,-13.936,1
-3.3884,1.3007,-9.0826,-9.5975,-8.0597,-14.731,-10.588,-17.937,-16.592,1
-7.6105,2.7712,-8.2281,-3.2792,-10.691,-14.347,-9.7549,-22.53,-14.454,1
-7.3339,1.4647,-6.4799,-10.881,-5.7709,-17.143,-8.6063,-17.778,-12.297,1
-7.8066,0.035896,-11.727,-7.7153,-1.1142,-14.615,-11.265,-23.15,-13.838,1
-11.694,8.0695,-10.518,-4.3397,-5.9325,-15.884,-12.983,-29.66,-22.812,1
-3.503,1.1644,-13.128,-5.0257,-11.158,-8.7487,-9.0903,-20.231,-16.769,1
-7.455,4.7415,-15.752,-8.4107,-4.4809,-11.09,-11.737,-20.8,-18.251,1
-1.1199,-2.2923,-12.159,-6.0022,-9.8185,-8.1029,-8.5618,-20.576,-18.573,1
-4.383,-1.4417,-11.766,-3.7175,-7.0371,-9.6044,-11.552,-19.056,-18.77,1
-6.6358,0.52653,-3.2206,-7.7333,-13.617,-4.4925,-9.4152,-20.082,-15.237,1
-7.4323,2.415,-9.9571,-6.8374,-8.9288,-7.7443,-11.893,-15.39,-15.122,1
-3.8949,-1.0322,-7.281,-8.3541,-11.506,-3.789,-9.9257,-19.822,-15.953,1
-6.0049,0.30223,-7.9661,-5.6932,-8.9637,-10.012,-10.261,-21.639,-18.098,1
-4.6817,-0.53602,-7.4183,-9.6887,-6.9704,-9.4099,-11.015,-20.604,-18.181,1
-4.0868,-1.0489,-8.7093,-5.3142,-9.6255,-11.249,-9.2935,-24.613,-14.165,1
-4.1205,0.35421,-4.7413,-8.7074,-11.598,-14.126,-9.0277,-11.68,-14.634,1
-3.3726,1.5716,-12.197,-9.5296,-12.318,-9.0284,-5.9189,-19.1,-9.4191,1
-3.5485,-0.66049,-3.4778,-6.624,-15.549,-12.798,-7.3008,-13.769,-8.7444,1
-3.6672,3.594,-7.9014,-11.459,-10.99,-12.515,-12.301,-6.2154,-16.434,1
-6.7685,7.914,-17.403,-9.7469,-14.148,-5.3102,-6.7901,-10.546,-10.466,1
-8.9511,8.315,-16.392,-5.3479,-9.8404,-10.294,-11.45,-21.99,-13.92,1
-7.3517,6.8488,-13.719,-9.5677,-9.6101,-6.5792,-11.445,-20.308,-18.399,1
-8.5802,5.1043,-11.741,-5.545,-7.6679,-14.287,-9.5516,-29.617,-16.804,1
-8.303,5.0583,-17.339,-3.6134,-7.4599,-10.193,-9.0023,-30.022,-16.532,1
-11.865,4.9496,-16.202,0.40381,-8.0862,-12.683,-7.7554,-12.344,-17.209,1
-7.7737,3.7729,-15.549,-3.5244,-6.7013,-9.7506,-13.104,-16.697,-17.583,1
-7.8348,8.6573,-14.1,-8.3281,-9.9167,-10.758,-12.929,-16.469,-16.905,1
-1.8335,6.0235,-11.196,-12.829,-10.955,-8.92,-14.603,-18.689,-21.422,1
-7.459,5.6174,-19.826,-6.9549,-5.6535,-7.4356,-15.067,-12.612,-9.7142,1
-6.7367,4.7405,-13.494,-9.9593,-5.4962,-11.513,-9.8155,-32.213,-18.66,1
0.7817,-5.8591,-11.006,-11.844,-3.9745,-7.3182,-8.5597,-25.099,-21.096,1
-4.5086,-5.2675,-9.7514,-12.263,-5.9259,-6.8486,-3.4948,-17.977,-4.8701,1
-5.7325,-4.4416,-8.5159,-7.2511,-3.697,-11.237,-8.7011,-26.584,-9.4181,1
-5.395,-4.1791,-9.4634,-9.4302,-4.1852,-6.1365,-9.737,-11.491,-14.513,1
-8.8729,1.0799,-10.794,-6.5382,-6.09,-8.2817,-10.611,-9.2745,-17.399,1
-6.7116,-4.4261,-13.537,-1.8482,-4.1714,-9.8213,-5.3167,-21.697,-18.855,1
-6.6228,4.5143,-8.2293,-5.7021,-13.038,-14.681,-8.3874,-17.641,-15.251,1
-7.6181,3.8154,-1.5737,-12.979,-9.2771,-16.472,-12.354,-3.1374,-14.033,1
-7.6687,4.2431,-7.562,-9.2127,-6.7911,-13.085,-12.511,-16.426,-23.514,1
-5.6801,3.8208,-9.1239,-9.2903,-6.1879,-16.46,-11.76,-26.168,-19.711,1
-8.6917,4.7908,-12.059,-7.6858,-8.2157,-6.3403,-11.098,-18.476,-20.487,1
-7.7714,4.0533,-11.055,-4.4371,-8.6356,-13.375,-11.954,-21.793,-14.542,1
-8.3246,6.0079,-9.82,-4.4636,-11.349,-11.549,-11.981,-20.787,-17.98,1
-9.8247,5.3979,-10.217,-8.7166,-6.9298,-10.974,-10.469,-28.727,-14.184,1
-6.4425,0.060834,-10.04,-9.0364,-5.4265,-8.701,-9.5424,-28.496,-15.147,1
-6.6126,2.6313,-8.4614,-9.6098,-8.6504,-7.6247,-10.982,-25.343,-16.293,1
-9.4389,2.8302,-12.552,-5.6169,-4.0957,-6.6652,-12.037,-15.169,-30.58,1
-6.2603,-1.0956,-13.473,-7.3252,-1.5816,-10.471,-11.723,-12.609,-21.265,1
-1.8477,-8.9165,6.5356,-11.815,-9.7662,-8.3424,-8.7496,-16.176,-19.328,2
-2.9174,-8.5618,2.9203,-15.627,-6.0572,-7.2707,-8.5381,-18.81,-9.7953,2
-2.3754,-9.642,0.26993,-15.107,-6.8255,-4.2231,-3.3747,-18.671,-16.433,2
-1.4913,-9.1576,5.1971,-13.69,-9.1838,-8.5755,-6.4275,-13.837,-18.677,2
-3.1726,-8.6813,0.060051,-14.596,-6.2149,-5.7297,-5.6532,-14.95,-14.056,2
-4.6478,-11.042,2.6342,-9.7248,-7.152,-3.1262,-6.3071,-23.509,-12.087,2
-3.7245,-7.3024,7.4478,-14.122,-10.171,-9.4287,-6.6408,-21.317,-12.378,2
-6.7787,-6.142,5.0393,-9.6358,-8.682,-5.426,-8.281,-18.077,-24.177,2
-2.8206,-8.3134,3.8511,-10.859,-9.9099,-8.4298,-6.7101,-20.721,-13.934,2
-1.4585,-1.1479,3.7574,-14.025,-16.328,-13.73,-6.6611,-24.669,-6.9851,2
-4.3825,-8.7508,0.70383,-9.1421,-4.0101,-8.5557,-11.097,-17.345,-17.929,2
-0.27693,-7.0314,-0.71841,-10.038,-9.6394,-12.814,-9.2628,-16.769,-9.4261,2
-2.8035,-8.1534,4.9306,-8.1303,-12.026,-9.6205,-8.4661,-13.13,-13.209,2
-4.8704,-6.7949,1.4733,-7.4588,-8.0692,-9.869,-10.671,-11.239,-15.542,2
-1.6525,-8.6388,-2.2471,-9.1089,-9.0411,-6.6846,-6.9361,-15.783,-13.257,2
-2.8211,-5.8582,-4.2937,-7.8584,-8.0774,-6.2569,-11.081,-18.572,-14.289,2
-3.439,-6.79,9.6205,-15.658,-9.0663,-12.243,-10.55,-19.905,-8.3461,2
-3.9934,-6.7201,-1.9158,-8.4544,-7.8675,-5.2776,-8.1963,-19.457,-20.015,2
-2.9337,-9.168,6.7783,-15.132,-6.5738,-8.306,-8.9696,-16.573,-16.636,2
-1.7913,-12.782,3.4861,-9.6609,-3.9385,-13.173,-6.9364,-21.192,-15.808,2
-1.2375,-10.347,9.3012,-12.853,-8.9924,-12.434,-9.8093,-19.207,-10.066,2
-2.5581,-13.03,7.7984,-8.4289,-7.9788,-9.4642,-6.8414,-20.179,-16.719,2
-7.848,-8.2074,6.4336,-5.5057,-5.8588,-10.012,-12.392,-22.401,-15.755,2
-6.6636,-4.0823,-0.6431,-10.73,-7.7881,-6.5294,-8.1676,-20.527,-14.624,2
-6.5864,4.2314,-12.224,-5.4462,-12.125,-8.7652,-9.5391,-20.192,-13.451,1
-10.271,6.0873,-11.092,-5.2154,-8.3254,-8.6139,-13.906,-18.248,-18.371,1
-6.9075,5.736,-9.453,-7.8507,-12.131,-7.7943,-11.932,-9.4031,-23.096,1
-8.3175,3.6795,-12.915,-5.5593,-8.0276,-7.0992,-11.114,-17.947,-19.792,1
-7.224,3.9928,-7.8378,-5.5195,-11.408,-14.517,-11.399,-8.8637,-15.073,1
-8.6065,7.1815,-10.759,-7.919,-8.9151,-10.977,-14.32,-16.726,-17.349,1
-5.6836,1.783,-3.8408,-5.8146,-13.953,-16.256,-9.3146,-9.7634,-10.933,1
-8.2467,4.6523,-13.373,-7.3604,-7.7207,-5.3076,-12.777,-13.841,-20.89,1
-9.6819,6.7126,-10.001,-7.4782,-9.6468,-11.69,-10.869,-16.633,-17.052,1
-9.7188,2.1341,-3.9247,-7.3313,-10.099,-10.413,-10.673,-11.838,-12.901,1
-10.43,7.5765,-10.964,-10.044,-6.1328,-11.097,-13.256,-20.258,-17.127,1
-8.9191,2.3237,-11.553,-8.5048,-8.6494,-2.6977,-9.7203,-5.5678,-17.774,1
-6.8583,1.9586,-9.6926,-6.6857,-8.1162,-9.8847,-10.235,-14.696,-22.386,1
-6.4594,2.2291,-7.9141,-13.187,-6.3305,-9.717,-11.224,-16.684,-14.812,1
-9.0542,2.9519,-11.678,-8.9985,-5.702,-6.7581,-9.9439,-15.536,-20.755,1
-7.8073,5.2656,-10.531,-9.7802,-9.5654,-4.1937,-13.3,-12.283,-20.256,1
-9.9997,2.5012,-12.729,-7.5249,-6.5188,-6.1456,-9.5479,-5.8971,-16.355,1
-5.6411,-0.99798,-11.988,-8.2054,-6.2771,-4.0181,-8.6873,-15.448,-23.805,1
-7.1349,2.1052,-8.852,-10.137,-5.6089,-5.1595,-14.945,-22.432,-18.431,1
-8.0136,3.8615,-6.8709,-10.471,-9.7716,-13.837,-10.572,-8.2078,-7.6924,1
-8.9137,7.5813,-17.201,-6.6527,-3.3534,-9.0797,-17.273,-20.461,-24.022,1
-1.2715,-7.888,9.3815,-11.67,-11.266,-14.71,-9.2037,-17.456,-15.773,2
-4.7643,-10.002,7.9516,-4.5868,-9.0172,-13.314,-7.1638,-25.449,-20.675,2
1.9303,-7.2673,-4.1328,-16.783,-11.355,-6.6298,-3.0943,-25.419,-1.3501,0
-0.9769,-3.4427,1.4068,-20.548,-10.928,-9.3075,-5.4876,-14.706,-10.134,0
-2.5,-7.9999,-7.4681,-6.9288,-8.9891,-0.25398,-4.7792,-20.905,-20.291,5
-1.6298,-9.9376,-10.177,-7.9766,-5.4898,-0.3,-3.3256,-27.77,-19.282,5
-4.2219,-4.7177,-10.403,-6.0058,-7.0303,-3.9075,-6.8639,-21.646,-20.366,5
-2.9626,-10.527,-8.5089,-5.1064,-5.7754,-0.99657,-4.0594,-28.473,-18.738,5
-6.7371,-0.62223,-8.3327,-3.1488,-12.95,-7.6493,-7.4741,-16.745,-9.3587,1
-2.3122,-11.491,-3.0304,-6.6277,-7.3764,-6.2611,-3.4982,-20.095,-15.658,6
-1.94,-9.7238,-3.5932,-5.7748,-7.7722,-10.32,-5.8095,-21.604,-11.455,6
-9.3138,-5.8339,-9.5385,9.9566,-12.513,-6.9309,-6.354,-13.247,-13.998,3
-4.7747,-7.0796,-10.527,8.1698,-12.237,-6.7208,-8.8489,-25.064,-11.119,3
-8.2722,-7.4083,-12.022,4.3871,-8.7417,-10.773,-2.9972,-1.0804,-7.9585,3
-6.4686,-5.4413,-12.493,0.24558,-8.462,-10.359,-2.6073,-20.687,-8.4509,3
-10.974,0.53581,-18.301,7.067,-5.213,-7.3798,-10.57,-25.473,-24.276,3
-5.2978,-11.585,-14.597,16.998,-9.4456,-6.4999,-11.567,-15.889,-8.9522,3
-7.0846,-8.5137,-9.3973,11.036,-13.209,-7.8748,-6.1452,-30.475,-0.069428,3
-9.9839,-4.8496,-12.063,5.6257,-5.6416,-9.8476,-9.1321,-21.475,-10.298,3
-10.843,-7.2708,-10.11,13.448,-6.9868,-12.813,-11.06,-23.545,-4.8113,3
-10.769,-3.6995,-11.141,1.5799,-6.4883,-3.2614,-10.959,-17.077,-7.9638,3
-9.351,-1.1766,-9.3621,-2.1883,-10.443,-6.0535,-8.465,-12.332,-6.6834,3
-6.251,-1.2476,-13.696,1.4577,-10.569,-6.8755,-6.6545,-32.975,-15.541,3
-5.9312,-9.1888,-14.384,9.2713,-7.1921,-7.2174,-10.142,-13.737,-8.9331,3
-7.4423,-11.166,-10.759,16.849,-8.5946,-9.4564,-11.452,-14.858,-11.646,3
-7.0946,-6.6084,-12.009,11.778,-8.6862,-10.211,-10.919,-24.117,-14.934,3
-1.2883,-11.371,-7.4386,-11.241,-7.9328,2.6759,2.2473,-17.821,-24.476,5
-3.9288,-6.4787,-10.91,-13.416,-4.6881,1.3613,-1.9981,-23.819,-19.247,5
-4.1186,-4.7985,-6.0609,-15.983,-5.4916,-2.2951,-5.401,-21.187,-15.627,5
-0.39935,-7.0107,-9.7574,-9.6036,-10.528,-1.3277,-1.3565,-26.821,-17.027,5
0.35498,-9.418,-5.9652,-6.1711,-8.7236,-9.7696,-3.4697,-24.705,-18.514,0
-0.7612,-11.888,-9.3535,-6.1148,2.4873,-10.903,-10.298,-32.053,-19.508,0
-2.212,-6.1807,-3.2155,-10.969,-10.003,-10.775,-6.7239,1.1865,-9.6398,7
-3.9469,-12.753,-5.7246,-9.1254,-6.8988,-6.6406,2.539,-8.722,-3.3567,6
-3.6079,-10.265,-8.0052,-7.5637,-8.2509,-6.301,1.3793,-15.209,-5.8074,6
-6.0426,-8.5427,-5.3123,-9.9351,-8.6133,-6.4318,2.1337,-16.969,-2.6618,6
-6.17,-8.9728,-7.4531,-6.334,-7.5075,-7.2073,-0.74136,-12.165,-2.8646,6
-6.3264,-13.196,-9.434,-15.977,0.80178,-8.4769,6.8133,-13.553,3.9526,6
-7.6058,-6.2683,-9.0469,-4.7655,-9.0694,-0.18267,-0.93715,-25.138,-12.588,5
-3.7723,-4.8173,-8.3978,-7.4183,-9.9453,-3.6419,-5.2776,-23.742,-12.249,5
-5.7905,-8.3573,-13.241,-9.3615,-1.3656,-0.18665,-4.1232,-26.599,-9.5754,5
-2.0251,-8.988,-8.8056,-11.224,-7.844,-1.3114,-1.6766,-22.767,-7.5495,5
-3.9225,-6.537,-10.838,-2.381,-9.5969,3.1015,-9.7681,-14.362,-18.35,5
-4.1132,-2.3788,-10.658,-0.28997,-12.137,-2.5911,-10.351,-25.678,-18.84,5
-4.699,-7.2916,-13.772,-11.477,-1.6646,2.3521,-6.8045,-11.287,-16.735,5
-5.192,-10.271,-9.5942,-6.9905,-4.3672,-0.56057,-5.5997,-13.927,-6.9457,5
-7.8203,-2.1368,-11.308,-10.763,-4.0479,-4.1124,-6.8577,-14.777,-14.034,5
-0.93993,-5.7892,-9.016,-15.902,-2.0464,-7.2013,-6.6105,-25.101,-20.281,5
-6.2073,-5.8994,-2.074,-7.3851,-12.389,-10.95,-3.3243,13.517,-7.8372,7
-4.0439,-6.9602,-3.7094,-10.792,-8.8611,-7.7702,-6.6811,6.5584,-8.3026,7
-3.8358,-9.5804,-4.4057,-10.808,-6.1494,-8.8338,-5.2433,8.1999,-7.5854,7
-7.0385,-0.97893,-6.3464,-9.3438,-7.8109,-8.6374,-6.6394,-16.661,-18.637,1
-2.1329,-0.072093,-7.3755,-10.693,-10.078,-10.521,-11.099,-11.463,-16.992,1
-10.245,-0.90909,-2.1773,-6.6359,-8.806,-10.846,-6.3978,-16.07,-16.047,1
-4.6116,-7.7969,-5.2727,-4.2149,-6.5394,-9.5713,-5.8228,-16.907,-18.952,2
-4.058,-6.8385,4.6582,-9.4384,-8.3425,-11.73,-9.9714,-17.54,-17.822,2
-3.567,-4.0662,0.072399,-16.296,-6.518,-8.3966,-7.9875,-18.13,-19.595,2
-5.5986,-2.8267,-3.2932,-7.5751,-9.5689,-8.297,-8.8185,-24.424,-13.462,1
-1.1227,-6.5601,-11.639,-17.802,-4.889,10.388,-6.6342,-22.279,-22.231,5
-4.082,-6.2076,-4.6801,-11.177,-7.0722,-2.3101,-8.114,-19.236,-13.64,5
-3.8352,-5.628,-6.1787,-6.9029,-10.992,2.9921,-7.1699,-18.129,-23.117,5
-4.0843,-6.1289,-7.3027,-8.4515,-7.0587,2.1463,-9.7045,-12.442,-23.628,5
-2.2031,-7.7703,-5.0926,-9.2414,-9.0172,5.6038,-11.766,-9.9899,-20.93,5
-2.7813,-7.5933,-5.832,-11.221,-6.5183,6.4553,-10.416,-17.559,-24.895,5
-2.0245,-5.6703,-6.871,-10.014,-9.2415,1.5927,-7.9793,-20.259,-22.498,5
-4.5298,-1.1465,-10.322,-3.6585,-11.204,0.16496,-10.928,-27.087,-22.113,1
-5.4295,3.7214,-9.3992,-3.2414,-13.121,-8.294,-12.523,-30.303,-17.479,1
-4.0058,2.1096,-9.6073,-11.195,-9.59,-7.2562,-9.1908,-19.576,-22.083,1
-5.7068,3.5115,-7.9012,-9.8748,-11.225,-7.3262,-9.1218,-26.45,-19.961,1
-7.0335,6.954,-8.5564,-10.296,-11.792,-10.017,-11.168,-22.583,-17.076,1
-4.0223,5.7517,-8.8474,-12.029,-11.632,-11.494,-12.191,-22.706,-13.812,1
-8.9312,3.934,-10.562,-7.3742,-10.273,-4.8371,-9.6086,-18.543,-16.316,1
-4.9364,4.2037,-8.9931,-9.3083,-12.973,-6.5524,-10.72,-21.081,-16.829,1
-6.3618,5.485,-8.72,-11.043,-10.529,-10.375,-11.023,-16.276,-17.78,1
-5.6273,2.5975,-6.7656,-12.52,-10.495,-8.3994,-9.4523,-18.504,-12.97,1
-7.2591,-4.7346,-7.6082,-13.613,-0.83912,-5.955,-8.593,-20.683,-8.8389,1
-3.5761,-6.9524,7.0106,-13.14,-11.119,-10.946,-6.4638,-15.915,-12.057,2
-1.3057,-6.8781,-5.0731,-10.046,-10.941,-10.578,-1.9635,-14.007,-9.1976,2
-3.2212,-6.7858,-4.2548,-8.8301,-10.455,-6.8302,-2.5538,-17.973,-13.612,2
-1.3906,-9.1681,-1.834,-8.4728,-6.3499,-11.545,-8.608,-18.767,-12.929,2
0.16846,-7.539,-6.1742,-11.775,-6.0293,-5.6018,-5.9683,-26.982,-23.869,2
2.6339,-8.5476,0.36977,-14.465,-11.186,-4.5225,-4.3088,-29.458,-23.29,2
-3.5929,-4.7983,10.094,-13.914,-11.038,-13.809,-13.396,-20.333,-5.4134,2
-0.14705,-13.945,14.908,-19.82,-14.165,-6.2887,2.4824,-14.861,-11.354,2
-2.6613,-4.9414,-9.4974,-9.1466,-10.646,2.3105,-8.487,-10.95,-13.492,5
-4.0495,-5.1263,-12.455,-7.0417,-6.1404,-1.0467,-8.2793,-19.773,-15.107,5
-5.3628,-4.8179,-10.213,-7.1031,-9.5243,2.9335,-6.8771,-21.231,-10.75,5
-1.739,-3.4658,-6.6306,-9.538,-7.1026,-7.1747,-11.381,-15.378,-25.877,1
-4.7409,-1.3292,3.8383,-9.3462,-10.053,-16.661,-12.097,-21.7,-18.206,2
-2.4239,-9.3359,-12.582,-9.8341,-5.1377,-8.9828,0.59344,-15.278,-2.366,6
-3.1166,-9.8552,-10.356,-12.832,-2.916,-5.8357,1.8874,-22.32,-12.086,6
-3.2505,-9.1362,-9.4457,-11.199,-4.7764,-6.6166,0.82237,-17.293,-12.602,6
-2.9521,-9.2978,-5.0264,-14.146,-3.0993,-5.7459,-1.9115,-27.192,-17.034,6
-0.84472,-11.502,-4.3832,-16.193,-3.2427,-4.6372,1.2523,-24.35,-22.506,6
-5.9083,-6.3852,-2.2783,-9.9675,-9.982,-5.656,-0.98606,-18.293,-13.121,6
-3.4438,-5.782,-3.825,-14.06,-8.6226,-4.6749,-2.5142,-20.54,-14.78,6
-8.4509,-2.064,-8.5657,-8.8705,-11.455,-5.5141,3.9905,-15.853,-15.558,6
-5.034,-6.9538,-7.8939,10.946,-12.436,-7.0608,-10.444,-24.8,-24.486,3
-6.2093,-6.2504,-13.989,6.9762,-7.1929,-6.7016,-8.7358,-27.23,-18.557,3
-4.549,-6.2939,-14.987,6.4001,-8.2233,-7.3316,-9.575,-21.59,-15.194,3
-6.7429,-4.2318,-14.51,6.4132,-6.9405,-6.2278,-10.334,-22.379,-24.813,3
-3.8715,-7.1529,-14.169,7.9759,-8.0936,-6.3182,-10.107,-28.128,-20.967,3
-6.079,-3.8521,-15.913,8.4158,-9.3417,-5.997,-10.49,-22.417,-20.04,3
-7.9943,-6.6491,-14.343,9.2782,-6.285,-11.443,-7.6108,-18.523,-14.59,3
-3.9811,-4.7867,-11.775,0.73054,-8.1887,-7.7193,-10.926,-22.531,-13.742,3
-6.5364,-3.1226,-13.775,4.5231,-8.0433,-8.3933,-11.565,-17.031,-16.501,3
-3.1112,-7.0092,-11.31,2.5603,-9.1386,-4.8239,-10.348,-18.055,-18.167,3
-3.262,-9.1563,-9.0534,4.0966,-6.9814,-7.9006,-11.835,-14.445,-19.797,3
-3.5739,-10.69,-11.136,0.098397,-2.5592,-5.1774,-9.6425,-31.712,-14.036,3
-3.5544,-6.0949,-15.889,9.952,-6.9338,-4.7707,-18.52,-24.11,-17.383,3
-7.4588,-4.6833,-11.061,5.2987,-6.3555,-10.974,-10.565,-20.236,-18.913,3
-7.5978,-1.4991,-10.431,8.7378,-14.556,-8.5785,-10.9,-19.416,-12.944,3
-7.4672,-5.4905,-10.68,5.7263,-6.0812,-12.903,-9.593,-18.264,-17.62,3
-5.9284,-5.8535,-12.52,5.5671,-6.2611,-7.336,-11.892,-23.253,-19.2,3
-6.2548,-6.744,-15.107,12.439,-7.2835,-10.118,-11.712,-21.352,-17.158,3
-7.5386,-6.9603,-12.245,13.387,-8.6036,-11.471,-10.364,-26.453,-13.287,3
-5.4156,-7.4279,-13.369,10.929,-12.265,-4.5985,-7.8957,-21.645,-14.134,3
-8.722,1.8441,-14.579,3.8374,-12.039,-3.746,-9.3132,-27.149,-20.642,3
-6.4699,-4.862,-13.91,8.675,-7.7309,-9.409,-11.424,-27.602,-15.354,3
-7.5582,-3.545,-14.76,6.0886,-7.3492,-7.1339,-11.868,-21.44,-13.482,3
-6.5518,-1.7401,-14.504,6.0893,-9.3884,-8.134,-12.347,-18.927,-18.54,3
-9.2416,-2.9686,-16.853,9.3201,-7.1511,-9.9729,-11.022,-24.774,-7.1514,3
-7.593,-2.601,-12.561,8.408,-7.0267,-12.887,-13.615,-16.765,-22.529,3
-7.2826,-1.0082,-13.555,8.8453,-10.924,-13.721,-9.8977,-19.433,-18.874,3
-8.6782,-2.594,-14.495,9.7124,-6.5609,-11.092,-13.637,-21.538,-18.002,3
-7.7644,-2.4521,-9.1211,6.6415,-13.321,-10.761,-8.0241,-17.938,-14.055,3
-8.6349,-0.30594,-11.157,4.8532,-11.064,-11.511,-11.349,-13.017,-11.976,3
-7.8582,-3.368,-9.8378,6.5638,-9.293,-12.109,-9.9626,-23.612,-15.539,3
-6.8014,-4.3061,-11.967,6.6978,-10.314,-6.9022,-11.349,-19.211,-12.126,3
-8.1399,-2.7829,-13.299,6.0505,-6.7683,-10.264,-13.452,-19.256,-12.778,3
-6.1029,-4.0184,-11.522,6.5655,-10.229,-6.1632,-12.792,-25.054,-14.355,3
-6.7712,-5.0445,-7.8459,10.643,-11.883,-11.734,-11.98,-20.406,-15.554,3
-6.4986,-6.4216,-10.609,9.8292,-7.3295,-11.625,-12.054,-17.487,-21.982,3
-5.9089,-8.6171,-9.24,9.3472,-6.561,-10.451,-12.038,-16.901,-21.574,3
-7.2082,-4.1251,-8.9994,7.5422,-10.996,-10.831,-11.326,-11.888,-16.147,3
-6.3669,-2.572,-11.466,6.5667,-10.679,-8.6199,-11.012,-20.014,-22.508,3
-6.4529,-5.7071,-10.371,8.3239,-9.4036,-9.0723,-10.364,-24.067,-18.048,3
-9.2609,-2.9696,-10.43,7.5441,-10.28,-7.5125,-10.19,-22.064,-16.207,3
-4.6576,-6.1821,-1.1425,-8.7828,-7.9509,-7.4139,-8.5933,-14.507,-17.061,0
0.2348,-6.8827,-3.6176,-13.465,-7.8594,-9.0528,-7.3476,-15.235,-14.907,0
-2.7454,-6.1209,-4.4672,-6.0213,-5.996,-9.1629,-13.085,-21.667,-16.981,0
-3.07,-6.2184,-6.1298,-10.559,-5.0365,-6.1253,-8.9301,-27.972,-12.669,0
2.3658,-10.643,-3.1521,-15.769,-6.5803,-5.3556,-3.958,-25.15,-16.848,0
3.7234,-10.411,-4.9462,-14.649,-6.3759,-5.2008,-5.8017,-21.422,-21.943,0
-1.2561,-6.255,-8.0436,-7.5508,-6.3619,-9.9145,-10.221,-13.926,-14.508,0
6.6714,-9.7187,-6.3028,-8.5645,-7.314,-9.7003,-14.032,-12.022,-26.507,0
3.1636,-8.8459,-5.4925,-12.343,-10.192,-7.6903,-2.0709,-23.814,-18.554,0
3.6011,-7.0625,-14.568,-7.9181,-5.122,-5.9642,-10.757,-26.668,-20.812,0
3.1751,-7.5461,-15.401,-6.0516,-10.626,-7.8949,-1.9377,-22.262,-12.275,0
-4.9924,-10.817,8.1487,-10.349,-4.6052,-8.1738,-10.984,-27.002,-16.876,2
-2.4953,-10.498,7.9767,-13.161,-7.6544,-12.361,-6.3633,-18.521,-14.016,2
-3.7861,-9.8122,4.6943,-15.191,-6.2465,-13.186,-1.3919,-22.421,-10.023,2
-2.2778,-10.511,5.4606,-14.332,-6.6164,-11.114,-5.9659,-18.303,-11.332,2
-2.4289,-11.743,7.2047,-14.988,-7.2069,-12.404,-1.4231,-18.803,-13.606,2
-4.4992,-9.2272,4.4668,-11.391,-6.5908,-13.179,-5.6804,-16.786,-11.051,2
-3.5095,-8.2104,6.6279,-12.874,-7.0177,-17.142,-7.4008,-17.976,-8.9065,2
-2.5282,-12.557,5.4615,-13.402,-7.9008,-11.638,1.1773,-20.325,-12.07,2
-3.0591,-8.8024,7.8894,-16.114,-11.597,-5.9567,-1.3835,-25.34,-14.351,2
-5.6683,-3.2247,-6.9102,-6.4655,-5.1,-14.358,-7.0854,-23.083,-18.672,1
-6.8998,2.6361,-9.5675,-9.6629,-6.2416,-10.946,-12.471,-19.93,-14.436,1
-5.0265,0.69688,-6.0546,-11.613,-10.007,-12.53,-7.0731,-13.619,-13.083,1
-5.4289,1.3473,-9.3937,-12.026,-6.3578,-9.2703,-11.271,-18.251,-13.974,1
-6.3323,2.1086,-7.2367,-9.7697,-7.8087,-9.2826,-12.101,-18.156,-19.663,1
-3.1666,0.91478,-9.3141,-6.332,-9.1245,-14.263,-10.679,-21.129,-20.21,1
-6.5696,0.068185,-12.679,-6.4519,-7.2545,-3.5631,-10.403,-14.003,-20.315,1
-10.113,2.2025,-10.399,-9.6768,-5.8779,-5.9266,-10.719,-13.648,-10.859,1
-7.4218,0.1435,-8.9091,-9.773,-3.9074,-8.6092,-13.447,-15.915,-14.307,1
-7.7197,2.2442,-11.445,-12.392,-6.8272,-1.5849,-11.037,-10.385,-16.507,1
-8.5891,2.7557,-12.253,-6.718,-8.4702,-9.1892,-7.9832,-23.64,-9.3439,1
-5.3524,0.56454,-9.1152,-10.511,-7.671,-10.701,-8.806,-14.795,-14.562,1
-8.3209,7.0287,-14.405,-5.5501,-11.769,-7.831,-9.949,-19.382,-16.396,1
-7.1296,0.84787,-10.546,-7.6461,-6.7856,-12.978,-7.5902,-16.87,-13.83,1
-3.4924,2.3115,-11.773,-7.3036,-10.743,-14.434,-10.368,-8.7625,-11.898,1
-0.64585,-11.526,-5.656,-14.086,-7.3118,-3.6407,2.963,-20.347,-12.992,6
-0.71518,-13.895,-5.8053,-12.501,-7.7702,-3.757,6.2735,-16.522,-11.369,6
-0.097349,-11.3,-7.4429,-13.719,-8.8356,-4.1085,5.16,-17.26,-10.964,6
-3.601,-7.107,-3.9684,-10.723,-15.568,-7.8663,11.749,-20.784,-13.872,6
-2.3219,-5.3965,-8.8322,-13.468,-5.6068,-9.0087,-3.2494,-33.224,-6.2225,6
0.25566,-9.8301,-8.7083,-16.546,-7.1658,-3.8402,4.3766,-20.652,-13.422,6
-2.576,-8.8455,-14.548,-10.234,-5.1972,-3.1172,2.7446,-25.955,-10.308,6
-5.275,-6.3176,-11.326,-8.7225,-6.6568,-8.9659,4.519,-26.262,-12.417,6
-4.8844,-7.9392,-7.0274,-10.411,-9.4001,-6.3235,7.4355,-22.975,-14.635,6
-3.4167,-8.4111,-4.6205,-13.797,-8.8641,-5.1619,4.5484,-23.125,-13.217,6
-2.2708,-8.1837,-5.5933,-14.463,-9.3465,-7.8748,6.7216,-24.029,-12.699,6
-6.11,-8.1278,-8.8026,-7.9394,-7.2638,-2.8428,2.4141,-23.373,-13.303,6
-6.9964,-7.4176,-10.861,-6.707,-3.4433,-3.59,-2.0145,-21.188,-17.309,6
-1.5741,-7.8999,-5.4642,-10.253,-9.3157,-7.8542,-2.6076,-14.618,-11.732,6
-3.1503,-5.4983,-2.8997,-10.097,-10.325,-13.932,-0.20263,-22.34,-12.416,6
-2.6708,-9.9698,-1.4938,-8.5945,-8.6955,-9.8358,0.22105,-24.434,-15.448,6
0.083442,-9.751,-5.0005,-9.8173,-10.662,-8.231,2.1135,-17.7,-17.286,6
-2.8776,-7.3132,-6.1151,-5.0001,-9.2756,-16.084,2.1074,-25.649,-15.929,6
-6.5417,-8.4579,0.35462,-11.162,-7.7316,-9.8608,1.6068,-24.636,-8.72,6
-0.56643,-9.5033,1.0531,-12.227,-11.464,-10.801,0.30927,-16.891,-12.919,6
-3.0239,-2.8617,-10.796,-8.3029,-9.5097,-7.0623,-4.1636,-24.589,-15.126,6
-8.458,-2.0985,-18.264,-0.31706,-8.9539,-4.9539,1.382,-10.712,-21.755,6
-4.5216,-11.397,-11.911,-8.8897,-1.4816,0.86514,-2.7687,-22.069,-11.906,6
-2.975,-13.528,-5.1426,-13.119,-5.3925,-4.8281,5.7562,-24.287,-5.882,6
-2.9791,-10.836,-6.4255,-13.334,-4.5615,-7.1102,2.856,-24.535,-8.7593,6
-3.2045,-10.991,-8.6519,-15.341,-4.6523,-3.0527,5.4861,-25.498,-6.5872,6
-4.0479,-13.465,-6.2827,-12.701,-4.4025,-7.3352,7.7183,-18.707,-5.7896,6
-4.8678,-10.178,-9.9687,-9.7598,-3.2459,-4.5466,2.0441,-24.314,-13.152,6
-1.3714,-15.096,-6.3933,-10.327,-6.0283,-5.258,6.4838,-19.884,-10.971,6
-3.9929,-13.084,-6.9415,-10.966,-4.8873,-5.5724,6.7721,-22.807,-9.2425,6
-2.5089,-8.2393,-10.618,-9.8674,-3.7332,-8.9094,-0.8244,-22.452,-16.968,6
3.1197,-9.0322,-3.3135,-10.455,-10.999,-12.176,-0.44583,-24.263,-22.434,6
-3.3681,-7.9495,-12.692,-6.9573,-0.3295,-8.8447,-5.936,-28.215,-18.137,6
-1.1051,-9.4666,-8.1542,-11.214,-4.1556,-6.2919,-2.0391,-25.383,-19.826,6
-2.3706,-9.2618,-9.6979,-10.482,-6.0352,-6.708,0.80052,-17.888,-11.124,6
-5.3118,-8.2168,-7.0489,-9.9496,-6.6497,-2.8087,0.16056,-23.054,-13.267,6
-1.745,-7.6003,-8.6559,-12.605,-4.4907,-8.3497,-1.0815,-21.558,-19.399,6
-3.8045,-10.231,-8.966,-10.28,-4.8623,-0.22402,-0.49234,-27.106,-12.534,6
-2.1984,-13.175,-7.3929,-8.7568,-4.1308,-5.775,2.2551,-23.147,-16.226,6
-0.28345,-9.166,0.76344,-13.202,-10.746,-8.3538,2.1771,-38.692,-16.784,6
-4.5092,-9.815,-1.1785,-19.12,-11.439,-3.6863,11.465,-15.956,-3.0123,6
-2.4211,-10.885,-9.1777,-5.2627,-8.3309,-6.279,1.1949,-18.772,-10.6,6
-0.55575,-8.144,-7.9647,-12.26,-8.1826,-3.7453,-0.44549,-24.061,-17.054,6
-2.5448,-8.4772,-8.2596,-10.066,-9.8989,-5.7237,4.3239,-20.376,-12.127,6
-1.1064,-6.4532,-9.7042,-9.5244,-9.5047,-8.7924,-0.17883,-22.664,-11.308,6
-2.7989,-10.626,-8.0667,-11.738,-1.9059,-9.4316,-0.48787,-19.118,-13.53,6
-2.2642,-8.3553,-9.525,-11.812,-7.7662,-7.3003,4.2179,-20.039,-11.564,6
-5.0962,-8.9778,-8.1286,-7.9138,-6.0937,-8.658,2.6329,-23.617,-10.265,6
-3.708,-8.2444,-10.986,-7.3064,-9.0849,-3.9442,3.6867,-17.978,-14.946,6
-3.0211,-6.1511,-11.569,-11.206,-9.7919,-4.7311,4.9185,-20.11,-12.806,6
-3.3623,-7.9899,-9.1197,-10.75,-10.804,-5.3044,7.7865,-17.679,-12.304,6
-3.9641,-7.6629,-11.395,-10.964,-7.9429,-1.7852,4.3014,-23.916,-12.077,6
-3.4889,-10.363,-9.5304,-10.125,-7.0287,-4.044,6.0209,-21.446,-13.687,6
-4.1463,-4.1029,-7.6499,-9.697,-11.223,-3.8958,1.0794,-33.055,-15.901,6
-8.3398,-4.9627,-5.2917,-12.588,-12.096,-2.3374,9.5125,-20.929,-12.898,6
-4.8207,-3.6439,-5.3181,-8.862,-2.0952,-16.949,-11.54,-19.998,-16.861,4
-2.8137,-8.4061,-7.0655,-10.663,1.6587,-11.164,-9.5044,-27.581,-20.867,4
-1.6941,-11.338,-6.9282,-9.7478,-0.40534,-6.4055,-7.2812,-20.931,-21.274,4
-6.9547,-7.62,-10.718,-7.6845,1.7654,-9.3635,-4.2995,-24.263,-21.031,4
-5.452,-8.182,-10.412,-10.244,0.95208,-5.4373,-6.5427,-24.508,-14.969,4
-5.3811,-9.5278,-7.3748,-8.0234,0.78286,-10.065,-7.4665,-24.745,-11.813,4
-3.7596,-6.196,-9.3633,-9.117,-2.1172,-10.315,-6.8172,-25.228,-16.941,4
-3.6144,-11.735,-10.175,-8.3861,3.0495,-4.5321,-7.1832,-27.07,-21.248,4
-5.1608,-9.6154,-9.4399,-9.8229,2.3368,-5.9788,-6.5613,-22.005,-20.334,4
-2.7648,-9.9883,-6.1649,-11.199,1.9881,-9.5858,-9.294,-29.541,-17.03,4
-4.6857,-12.696,-10.227,-9.5077,7.0469,-13.688,-7.0066,-24.195,-7.4474,4
-3.5925,-11.822,-13.128,-12.228,8.2104,-8.0928,-7.2159,-24.409,-17.378,4
-5.6094,-10.786,-10.819,-11.248,5.938,-10.925,-7.3344,-16.943,-8.2962,4
-3.0452,-9.537,-9.4512,-10.927,3.152,-12.459,-8.6207,-18.482,-14.556,4
-4.8175,-9.8443,-9.2999,-8.7421,4.0603,-12.369,-7.7056,-25.659,-15.387,4
-4.4333,-10.393,-11.714,-9.4278,7.9937,-10.727,-8.9654,-32.757,-21.237,4
-3.128,-8.8109,-11.536,-9.6987,2.2718,-7.6869,-7.3465,-26.325,-21.81,4
-1.8386,-10.624,-13.201,-8.513,3.7593,-10.444,-7.3727,-22.721,-19.606,4
-4.6177,-9.481,-8.8332,-5.5121,2.6574,-13.388,-9.9703,-19.983,-18.755,4
-4.8307,-9.7606,-12.457,-5.3156,4.2456,-13.266,-8.8149,-27.358,-11.84,4
-5.1324,-9.5097,-11.513,-7.4474,3.8651,-9.0173,-8.0601,-29.788,-15.792,4
-3.2907,-7.4214,-11.214,-13.394,3.3602,-8.1404,-7.0831,-27.735,-22.444,4
-3.1268,-10.122,-10.427,-8.1526,2.9377,-12.376,-6.9903,-27.207,-16.813,4
-4.0317,-6.4495,-9.8549,-4.7682,-1.3864,-10.036,-11.068,-27.805,-18.979,4
-0.94725,-12.808,2.4499,-17.297,-2.1559,-7.8824,-7.6329,-10.013,-13.147,4
-6.0808,-4.5285,-9.5324,-5.7024,-0.81904,-8.2999,-12.623,-27.809,-19.503,4
-4.8041,-6.9256,-11.404,-9.181,2.7783,-7.8984,-11.025,-27.798,-17.102,4
-3.034,-11.087,-10.836,-11.604,0.35134,-4.0941,-2.3786,-25.208,-15.423,4
-6.083,-9.1586,-10.284,-6.0777,0.32376,-7.2172,-4.1459,-29.86,-18.18,4
-2.9556,-12.523,-10.812,-8.8158,-0.377,-5.3604,-0.78622,-21.56,-16.727,4
-2.9462,-12.099,-11.151,-13.91,6.5709,-5.5849,-6.191,-29.286,-17.555,4
-4.7431,-6.9975,-12.877,-7.4996,4.4904,-16.398,-9.2883,-27.545,-13.603,4
-3.1065,-8.2422,-14.045,-7.4736,3.1762,-12.201,-7.0804,-27.967,-19.636,4
-2.6433,-10.303,-12.239,-9.054,1.6094,-6.7614,-4.6415,-28.054,-20.341,4
-5.2322,-9.2526,-15.645,-6.2484,1.8155,-8.3701,-0.79912,-27.321,-19.238,4
-6.1818,-5.1587,-12.631,-5.4221,-3.7129,-9.0004,-4.0358,-26.044,-13.054,4
-6.6693,1.501,-9.9518,-4.9091,-7.4226,-10.189,-11.641,-29.454,-17.926,4
-1.8516,-11.522,-20.275,-7.8718,10.822,-14.884,-6.7233,-25.143,-20.263,4
-2.4613,-8.7145,-7.2014,-8.0041,-2.9897,-10.766,-8.7133,-19.981,-11.057,4
-4.2036,-6.6501,-14.819,-6.0518,2.9031,-10.57,-11.291,-16.697,-21.036,4
-5.6491,-8.0675,-12.42,-8.3919,6.9819,-13.516,-11.013,-23.447,-16.842,4
-8.3824,-4.2076,-8.1865,-9.9049,4.4069,-16.923,-13.28,-24.761,-6.0262,4
-5.0129,-7.8404,-11.699,-9.6512,6.588,-14.093,-10.786,-23.468,-17.222,4
-7.7556,-1.3186,-13.965,-8.0145,0.17352,-8.8184,-11.252,-27.863,-13.831,4
-9.143,-4.3841,-6.0254,-3.6801,-5.496,-9.83,-7.3509,-19.48,-12.882,4
-6.8711,-6.9803,-12.287,-5.1818,1.7191,-12.55,-8.0861,-18.615,-13.025,4
-6.7361,-6.7451,-14.258,-6.1712,2.8374,-14.02,-6.2351,-27.039,-8.6652,4
-8.1839,-5.4891,-13.472,-5.739,1.6057,-15.559,-3.7792,-23.991,-11.434,4
-7.1368,-6.4405,-11.495,-4.8268,0.18894,-11.931,-6.1587,-20.021,-17.333,4
-2.7229,-6.8961,-6.2682,-9.1982,-5.0343,-8.1101,-7.4885,-23.407,-17.137,4
-3.0873,-6.8589,-7.8433,-12.522,-1.3062,-5.9903,-8.6545,-19.884,-20.822,4
-4.336,-11.404,-11.78,-10.41,3.2494,-4.547,-3.7828,-22.196,-19.175,4
-4.0418,-11.624,-11.684,-8.05,2.7305,-3.4428,-6.1822,-27.68,-18.408,4
-2.3247,-9.0526,-8.8099,-8.5474,-1.9246,-9.2891,-4.8928,-19.739,-22.925,4
-2.7793,-7.7674,-8.0428,-12.775,0.6885,-7.2612,-8.1456,-28.167,-20.833,4
-6.8638,-6.5848,-11.384,-10.536,3.1043,-4.4331,-9.4758,-24.032,-18.194,4
-3.7188,-8.7649,-13.631,-7.9329,1.0178,-4.3317,-7.9046,-16.965,-20.842,4
-5.0844,-8.5988,-7.9097,-8.0094,1.7195,-5.3214,-11.029,-24.964,-23.204,4
-4.3545,-8.2563,-10.976,-9.6088,0.75993,-2.6474,-9.1438,-24.218,-18.952,4
-4.0115,-8.1458,-9.0742,-11.15,-0.21584,-5.0098,-6.5177,-27.385,-18.522,4
-2.6157,-9.1463,-13.548,-12.476,4.453,-9.4167,-4.5086,-34.024,-17.756,4
-4.5266,-7.7016,-11.525,-10.701,4.523,-10.192,-7.1388,-29.691,-23.06,4
-5.9517,-8.0571,-9.0281,-10.72,1.7166,-9.0758,-5.7056,-21.969,-16.03,4
-5.0066,-6.4197,-14.961,-4.8013,1.1432,-9.2727,-7.8233,-27.041,-20.423,4
-4.219,-9.5954,-10.554,-8.24,3.854,-7.3,-8.989,-26.822,-23.919,4
-3.7629,-8.9932,-11.421,-6.1463,1.7767,-10.004,-8.1104,-30.405,-18.287,4
-7.0626,-5.6695,-13.604,-6.8176,5.4146,-7.8949,-12.315,-27.953,-23.723,4
-6.4659,-5.8613,-16.13,-13.872,8.4936,-5.3802,-8.1953,-26.312,-26.241,4
-3.2637,-8.5071,-6.001,-14.766,1.5363,-7.3436,-10.045,-25.747,-12.91,4
-8.2649,-9.6906,-8.0838,-7.5809,3.2016,-9.5516,-7.9102,-19.794,-8.2894,4
-5.9495,-9.1063,-7.9902,-8.0866,1.9383,-8.2254,-9.0344,-24.921,-14.58,4
-3.8024,-6.6908,-10,-10.739,3.0472,-14.347,-9.1303,-20.77,-20.138,4
-5.4185,-7.6086,-11.526,-12.929,6.8546,-11.383,-7.0901,-27.455,-21.526,4
-7.8868,-8.6857,-12.746,-13.125,9.1306,-10.684,-7.29,-22.901,-10.081,4
-3.7969,-10.818,-9.6843,-8.7054,2.5579,-8.0021,-7.6059,-22.028,-17.295,4
-4.5026,-9.2932,-8.377,-10.828,2.0317,-12.598,-6.6187,-22,-9.4041,4
-10.059,-5.4078,-10.873,-8.3389,3.8762,-9.0178,-8.2562,-26.686,-13.341,4
-3.4238,-8.6144,-15.09,-13.373,7.4986,-11.751,-7.0508,-23.773,-16.446,4
-9.287,-6.1918,-10.948,-9.6023,3.0708,-6.926,-6.8345,-25.655,-12.689,4
-9.4053,-6.1483,-12.757,-5.5987,3.3962,-10.022,-7.5338,-15.886,-18.334,4
-5.2219,-7.3591,-12.381,-11.673,6.0624,-16.037,-5.2306,-16.728,-21.807,4
-8.1649,-5.7505,-11.78,-6.7974,8.5337,-18.551,-11.798,-14.436,-25.125,4
-7.192,-5.1409,-10.365,-9.2012,6.5104,-14.993,-12.484,-25.588,-20.13,4
-4.4544,-14.036,-7.894,-7.9958,6.359,-7.8947,-8.1252,-26.982,-19.172,4
-4.093,-7.7003,-11.803,-14.514,3.2606,-3.5279,-6.4336,-34.809,-17.625,4
-5.0651,-9.614,-11.818,-12.271,6.2895,-7.308,-8.3267,-18.635,-18.296,4
-3.4945,-10.157,-8.2931,-12.394,0.69526,-5.8611,-3.967,-22.977,-19.622,4
-4.8972,-9.5406,-10.023,-11.09,4.5927,-9.5639,-7.3942,-28.156,-14.366,4
-5.1371,-9.5381,-10.268,-10.9,6.0383,-9.7835,-9.561,-27.202,-14.311,4
-5.2142,-8.645,-14.309,-11.17,3.958,-3.9033,-7.4871,-20.579,-14.774,4
-5.0112,-10.129,-11.815,-9.6383,3.993,-5.7982,-8.2424,-24.958,-12.711,4
-4.0469,-10.872,-12.692,-10.37,5.9003,-5.6737,-8.5999,-25.51,-17.335,4
-5.3739,-8.9097,-10.776,-11.091,4.9406,-8.9074,-8.5163,-21.832,-16.049,4
-4.2551,-9.9393,-13.534,-11.034,7.2836,-7.9326,-8.682,-27.886,-17.897,4
-6.2422,-10.26,-15.236,-11.047,12.405,-10.124,-10.214,-29.581,-15.893,4
-8.0332,-13.524,-13.771,-8.2039,9.9868,-6.2394,-6.6197,-21.833,-9.4788,4
-5.3513,-8.6348,-10.331,-13.179,3.9379,-10.947,-5.7129,-22.914,-9.2628,4
-7.1446,-6.4361,-12.987,-10.341,2.8622,-9.1634,-6.97,-20.136,-9.4592,4
-7.7695,-6.5484,-10.94,-9.9547,2.8712,-10.909,-8.0011,-15.402,-9.3508,4
-3.8343,-10.024,-15.223,-8.3215,2.487,-7.2078,-5.6635,-18.01,-12.256,4
-5.1426,-11.1,-15.604,-5.1022,3.493,-10.475,-4.3234,-15.948,-11.427,4
-5.3261,-5.6911,-12.787,-6.2524,2.8885,-11.783,-11.889,-17.579,-22.434,4
-6.449,-9.001,-7.0523,-4.7751,-0.12236,-13.501,-7.7926,-20.032,-10.834,4
-7.4277,-6.9397,-11.624,-6.714,2.5759,-11.066,-6.8315,-21.593,-17.263,4
-5.9771,-8.7026,-13.658,-6.1856,3.9868,-7.9233,-8.2871,-25.628,-17.413,4
-3.8471,-9.0969,-10.346,-10.142,3.3235,-12.486,-5.4351,-26.504,-19.073,4
-4.9399,-9.7203,-10.202,-15.637,6.9077,-6.5691,-7.5108,-24.178,-16.468,4
-6.0882,-7.7342,-12.885,-8.3671,3.6079,-9.5932,-7.9565,-23.039,-14.016,4
-3.8631,-7.2381,-13.989,-10.097,2.059,-8.5315,-6.1509,-31.042,-15.211,4
-1.5303,-11.026,-13.325,-6.666,2.2335,-7.6705,-7.3938,-27.064,-20.867,4
-3.2528,-8.3708,-10.869,-10.582,1.1915,-9.3743,-6.7233,-21.68,-17.23,4
-4.1545,-12.062,-9.7315,-9.9196,5.6209,-8.6907,-6.7662,-26.631,-18.177,4
-2.9549,-7.7488,-8.8219,-15.073,1.4378,-7.3342,-4.9214,-26.506,-22.973,4
-3.8602,-9.8557,-10.099,-12.817,3.055,-7.7162,-4.5489,-23.689,-18.054,4
-3.4938,-11.745,-12.883,-8.6014,4.969,-6.4738,-6.9354,-28.145,-17.569,4
-5.4378,-8.7653,-10.833,-6.5492,3.0828,-12.157,-7.6153,-26.018,-16.515,4
-3.4756,-8.0454,-11.259,-12.384,4.2795,-11.638,-6.8991,-30.498,-17.224,4
-10.723,-1.5244,-11.631,-10.907,4.5079,-9.3002,-9.6759,-30.659,-19.32,4
-6.6268,-5.1728,-11.373,-4.4352,2.1289,-17.189,-11.077,-23.617,-12.999,4
-7.2563,-4.4038,-8.7921,-9.7099,0.3622,-7.218,-9.4861,-20.253,-23.228,4
-2.9232,-8.5599,-9.9111,-11.431,6.755,-13.387,-11.211,-33.623,-21.292,4
-3.2725,-7.2641,-11.489,-13.297,0.77391,-4.2571,-7.4472,-17.887,-20.793,4
-6.7046,-5.6617,-15.05,-9.7379,2.8555,-8.155,-5.8012,-21.214,-17.276,4
-5.2152,-9.5534,-10.258,-11.338,2.8269,-7.4409,-6.999,-19.838,-10.563,4
-5.4784,-8.3824,-10.702,-9.7159,1.9628,-5.6351,-7.8578,-18.366,-18.769,4
-4.0272,-8.5818,-11.203,-9.2292,2.077,-10.568,-6.5287,-24.297,-16.682,4
-6.8639,-3.4484,-11.282,-8.7102,0.84159,-7.8131,-9.1414,-34.893,-21.641,4
-6.2664,-5.4998,-9.685,-9.3022,2.5198,-5.9397,-11.53,-26.458,-26.045,4
-4.0489,-9.6079,-9.014,-12.477,3.102,-6.1551,-6.3351,-27.916,-20.278,4
-5.1927,-6.0988,-9.5464,-12.958,0.43416,-5.0928,-8.6019,-23.843,-15.177,4
-4.132,-8.8103,-11.712,-10.989,2.8783,-3.9711,-6.796,-30.463,-21.73,4
-6.4966,-6.4968,-10.768,-11.501,3.1305,-11.554,-9.2132,-18.975,-6.6071,4
-2.9868,-9.1445,-7.8466,-12.291,2.7054,-7.1853,-10.675,-26.904,-17.466,4
-6.2919,-9.7088,-7.7696,-8.4417,3.3948,-10.853,-8.7854,-22.596,-12.113,4
-6.0875,-6.5686,-7.5335,-10.175,4.6538,-10.9,-10.2,-33.489,-26.165,4
-5.3288,-5.5334,-0.68998,-11.459,-6.5486,-11.335,-6.0099,-17.251,-14.318,2
-6.0526,-9.1139,5.6937,-14.897,-3.7433,-10.564,-7.7388,-18.952,-8.3839,2
-0.088051,-10.109,5.4829,-16.709,-9.1438,-14.226,-5.0031,-11.043,-3.118,2
-4.621,-6.9712,1.1908,-14.244,-7.5642,-10.773,-4.5523,-19.388,-4.1445,2
-4.0763,-7.5393,5.7692,-14.781,-12.461,-10.797,-0.24945,-11.522,-7.9564,2
-5.4151,-7.1825,5.3669,-8.9067,-10.433,-15.719,-5.3724,-12.811,-7.2303,2
-1.8132,-10.055,6.2292,-14.073,-10.561,-11.744,-3.1733,-11.877,-8.8281,2
-5.659,-4.8732,11.227,-16.843,-15.311,-8.8749,-3.5995,-12.122,-6.4142,2
-2.5984,-4.2171,-0.15646,-9.0696,-8.5708,-13.532,-10.708,-20.1,-18.54,2
-0.58651,-6.1445,-0.24043,-11.012,-8.4556,-10.247,-11.764,-20.532,-14.733,2
-0.76443,-7.7365,-1.1821,-10.446,-7.6176,-9.6397,-8.9332,-16.361,-18.581,2
-3.3212,-5.6388,-1.4541,-8.6223,-8.7557,-8.7735,-9.1394,-22.948,-14.662,2
-2.9248,-6.4491,3.9617,-10.008,-11.906,-11.789,-6.986,-17.388,-11.146,2
-2.9959,-9.9644,7.0641,-6.9792,-10.076,-14.81,-7.0436,-18.748,-13.219,2
-5.3442,-7.5587,0.23682,-3.9097,-7.9207,-13.636,-8.6345,-21.296,-9.9519,2
-0.5047,-7.4141,-5.4834,-13.928,-5.6691,-3.3509,-7.3625,-20.374,-21.117,2
0.084625,-8.9993,-1.241,-9.3611,-7.2942,-10.376,-8.7672,-25.63,-15.269,2
-3.8514,-6.3502,-0.74032,-10.428,-8.6994,-10.055,-6.1309,-19.846,-10.527,2
-0.45426,-7.0946,-0.19425,-10.46,-10.822,-9.3543,-8.3904,-10.876,-15.11,2
-3.6585,-6.5503,7.542,-15.634,-10.313,-14.711,-5.8881,-11.94,-6.2974,2
-1.908,-6.3164,2.5991,-14.791,-10.043,-13.099,-5.9094,-8.1299,-10.177,2
-0.98332,-10.807,6.2097,-16.724,-8.4358,-7.1147,-4.1788,-16.256,-16.162,2
-3.6992,-9.2802,5.4965,-13.41,-7.3012,-11.457,-5.1903,-13.3,-14.835,2
-6.4152,-8.1981,2.5594,-13.169,-3.9262,-14.377,-5.1587,-10.004,-9.7011,2
-3.6957,-13.377,8.2379,-12.284,-5.7661,-8.2198,-6.16,-17.6,-13.146,2
-7.4978,0.74301,-10.45,-6.4696,-10.369,-5.12,-7.764,-9.3152,-16.546,1
-7.9436,3.2646,-12.779,-4.0373,-8.5073,-9.4464,-11.863,-16.507,-15.889,1
-6.4471,0.63372,-8.5242,-8.6427,-8.978,-5.9384,-9.1448,-24.308,-15.524,1
-9.5507,6.5885,-10.11,-4.2598,-6.7343,-17.012,-15.849,-16.705,-18.116,1
-5.9043,1.6788,-9.0365,-7.0477,-12.967,-7.1996,-6.3908,-21.064,-14.373,1
-9.578,6.8891,-15.28,-4.9423,-6.8884,-8.4059,-10.317,-27.226,-28.589,1
-9.5026,4.6224,-10.396,-4.7305,-5.0476,-10.466,-13.895,-21.233,-30.906,1
